order_id,customer_id,order_date,order_status,shipping_address,payment_id,total_amount
ORD-000001,CUST-00013,2025-10-05 00:00:00,Completed,"Toronto, ON, Canada",PAY-000001,338.92
ORD-000002,CUST-00370,2025-09-19 00:00:00,Completed,"Toronto, ON, Canada",PAY-000002,39.99
ORD-000003,CUST-00265,2025-04-30 00:00:00,Processing,"New York, NY, USA",PAY-000003,290.67
ORD-000004,CUST-00328,2025-09-09 00:00:00,Completed,"Toronto, ON, Canada",PAY-000004,68.97
ORD-000005,CUST-00003,2025-05-20 00:00:00,Completed,"Los Angeles, CA, USA",PAY-000005,752.93
ORD-000006,CUST-00306,2025-08-17 00:00:00,Processing,"Philadelphia, PA, USA",PAY-000006,1525.38
ORD-000007,CUST-00123,2025-07-06 00:00:00,Completed,"Phoenix, AZ, USA",PAY-000007,152.98
ORD-000008,CUST-00285,2025-04-26 00:00:00,Completed,"London, ENG, UK",PAY-000008,663.95
ORD-000009,CUST-00364,2025-09-15 00:00:00,Completed,"San Jose, CA, USA",PAY-000009,97.97
ORD-000010,CUST-00290,2025-10-11 00:00:00,Processing,"Los Angeles, CA, USA",PAY-000010,18.04
ORD-000011,CUST-00278,2025-02-21 00:00:00,Cancelled,"San Antonio, TX, USA",PAY-000011,416.41
ORD-000012,CUST-00444,2025-04-01 00:00:00,Cancelled,"San Jose, CA, USA",PAY-000012,161.79
ORD-000013,CUST-00316,2025-04-12 00:00:00,Cancelled,"San Antonio, TX, USA",PAY-000013,213.69
ORD-000014,CUST-00166,2025-06-29 00:00:00,Completed,"New York, NY, USA",PAY-000014,161.96
ORD-000015,CUST-00390,2025-08-20 00:00:00,Completed,"Phoenix, AZ, USA",PAY-000015,64.17
ORD-000016,CUST-00233,2025-10-07 00:00:00,Completed,"Los Angeles, CA, USA",PAY-000016,1349.97
ORD-000017,CUST-00436,2025-03-04 00:00:00,Cancelled,"Toronto, ON, Canada",PAY-000017,220.41
ORD-000018,CUST-00051,2025-12-17 00:00:00,Cancelled,"San Jose, CA, USA",PAY-000018,914.7
ORD-000019,CUST-00448,2025-06-20 00:00:00,Completed,"Chicago, IL, USA",PAY-000019,474.93
ORD-000020,CUST-00266,2025-09-15 00:00:00,Completed,"New York, NY, USA",PAY-000020,139.98
ORD-000021,CUST-00245,2025-03-08 00:00:00,Completed,"San Jose, CA, USA",PAY-000021,1181.91
ORD-000022,CUST-00316,2025-09-14 00:00:00,Cancelled,"San Antonio, TX, USA",PAY-000022,194.96
ORD-000023,CUST-00494,2025-09-07 00:00:00,Completed,"San Diego, CA, USA",PAY-000023,282.69
ORD-000024,CUST-00106,2025-10-23 00:00:00,Processing,"Dallas, TX, USA",PAY-000024,81.97
ORD-000025,CUST-00124,2025-10-13 00:00:00,Shipped,"London, ENG, UK",PAY-000025,27.54
ORD-000026,CUST-00199,2025-11-18 00:00:00,Completed,"San Antonio, TX, USA",PAY-000026,330.93
ORD-000027,CUST-00217,2025-08-24 00:00:00,Completed,"San Jose, CA, USA",PAY-000027,89.97
ORD-000028,CUST-00159,2025-09-11 00:00:00,Shipped,"San Antonio, TX, USA",PAY-000028,107.98
ORD-000029,CUST-00159,2025-04-30 00:00:00,Completed,"San Antonio, TX, USA",PAY-000029,149.99
ORD-000030,CUST-00086,2025-08-09 00:00:00,Completed,"Phoenix, AZ, USA",PAY-000030,1427.04
ORD-000031,CUST-00029,2025-10-13 00:00:00,Cancelled,"San Jose, CA, USA",PAY-000031,274.95
ORD-000032,CUST-00380,2025-10-18 00:00:00,Completed,"Toronto, ON, Canada",PAY-000032,199.99
ORD-000033,CUST-00092,2025-02-18 00:00:00,Processing,"Los Angeles, CA, USA",PAY-000033,963.41
ORD-000034,CUST-00412,2025-10-22 00:00:00,Completed,"London, ENG, UK",PAY-000034,1311.93
ORD-000035,CUST-00376,2025-11-06 00:00:00,Cancelled,"Dallas, TX, USA",PAY-000035,279.97
ORD-000036,CUST-00487,2025-07-21 00:00:00,Completed,"Chicago, IL, USA",PAY-000036,215.94
ORD-000037,CUST-00499,2025-03-15 00:00:00,Processing,"Dallas, TX, USA",PAY-000037,71.99
ORD-000038,CUST-00223,2025-04-07 00:00:00,Completed,"Houston, TX, USA",PAY-000038,905.17
ORD-000039,CUST-00239,2025-07-10 00:00:00,Completed,"Toronto, ON, Canada",PAY-000039,119.98
ORD-000040,CUST-00437,2025-04-02 00:00:00,Completed,"Phoenix, AZ, USA",PAY-000040,139.95
ORD-000041,CUST-00203,2025-10-20 00:00:00,Completed,"New York, NY, USA",PAY-000041,646.94
ORD-000042,CUST-00067,2025-05-12 00:00:00,Cancelled,"New York, NY, USA",PAY-000042,657.94
ORD-000043,CUST-00048,2025-07-19 00:00:00,Completed,"Houston, TX, USA",PAY-000043,139.99
ORD-000044,CUST-00255,2025-02-15 00:00:00,Completed,"San Antonio, TX, USA",PAY-000044,450.93
ORD-000045,CUST-00215,2025-05-13 00:00:00,Shipped,"Houston, TX, USA",PAY-000045,197.96
ORD-000046,CUST-00177,2025-11-16 00:00:00,Processing,"San Jose, CA, USA",PAY-000046,215.95
ORD-000047,CUST-00272,2025-08-02 00:00:00,Cancelled,"Phoenix, AZ, USA",PAY-000047,124.97
ORD-000048,CUST-00295,2025-08-17 00:00:00,Completed,"Philadelphia, PA, USA",PAY-000048,398.94
ORD-000049,CUST-00486,2025-11-17 00:00:00,Processing,"Chicago, IL, USA",PAY-000049,153.07
ORD-000050,CUST-00029,2025-05-30 00:00:00,Processing,"San Jose, CA, USA",PAY-000050,757.96
ORD-000051,CUST-00368,2025-05-01 00:00:00,Cancelled,"Dallas, TX, USA",PAY-000051,495.2
ORD-000052,CUST-00301,2025-03-23 00:00:00,Completed,"Dallas, TX, USA",PAY-000052,947.67
ORD-000053,CUST-00194,2025-07-07 00:00:00,Shipped,"London, ENG, UK",PAY-000053,228.55
ORD-000054,CUST-00328,2025-11-16 00:00:00,Completed,"Toronto, ON, Canada",PAY-000054,818.23
ORD-000055,CUST-00132,2025-03-27 00:00:00,Shipped,"Phoenix, AZ, USA",PAY-000055,71.98
ORD-000056,CUST-00453,2025-08-30 00:00:00,Completed,"Dallas, TX, USA",PAY-000056,835.44
ORD-000057,CUST-00375,2025-03-10 00:00:00,Processing,"San Antonio, TX, USA",PAY-000057,404.97
ORD-000058,CUST-00483,2025-04-25 00:00:00,Processing,"San Diego, CA, USA",PAY-000058,543.42
ORD-000059,CUST-00202,2025-11-19 00:00:00,Processing,"Houston, TX, USA",PAY-000059,461.94
ORD-000060,CUST-00042,2025-09-30 00:00:00,Cancelled,"San Diego, CA, USA",PAY-000060,71.98
ORD-000061,CUST-00459,2025-06-15 00:00:00,Completed,"London, ENG, UK",PAY-000061,700.91
ORD-000062,CUST-00498,2025-11-28 00:00:00,Completed,"New York, NY, USA",PAY-000062,323.97
ORD-000063,CUST-00244,2025-07-03 00:00:00,Completed,"Philadelphia, PA, USA",PAY-000063,728.93
ORD-000064,CUST-00422,2025-12-18 00:00:00,Completed,"Los Angeles, CA, USA",PAY-000064,1077.23
ORD-000065,CUST-00058,2025-08-31 00:00:00,Completed,"Phoenix, AZ, USA",PAY-000065,326.94
ORD-000066,CUST-00450,2025-08-29 00:00:00,Completed,"New York, NY, USA",PAY-000066,500.92
ORD-000067,CUST-00173,2025-07-05 00:00:00,Completed,"San Diego, CA, USA",PAY-000067,246.94
ORD-000068,CUST-00097,2025-09-14 00:00:00,Completed,"Phoenix, AZ, USA",PAY-000068,198.81
ORD-000069,CUST-00128,2025-02-16 00:00:00,Completed,"Toronto, ON, Canada",PAY-000069,299.97
ORD-000070,CUST-00326,2025-04-04 00:00:00,Shipped,"London, ENG, UK",PAY-000070,143.98
ORD-000071,CUST-00091,2025-09-30 00:00:00,Processing,"Chicago, IL, USA",PAY-000071,929.93
ORD-000072,CUST-00439,2025-05-24 00:00:00,Shipped,"Dallas, TX, USA",PAY-000072,140.95
ORD-000073,CUST-00467,2025-04-08 00:00:00,Shipped,"Philadelphia, PA, USA",PAY-000073,601.31
ORD-000074,CUST-00459,2025-08-11 00:00:00,Cancelled,"London, ENG, UK",PAY-000074,546.42
ORD-000075,CUST-00262,2025-08-10 00:00:00,Processing,"Chicago, IL, USA",PAY-000075,260.43
ORD-000076,CUST-00336,2025-07-02 00:00:00,Completed,"Toronto, ON, Canada",PAY-000076,74.86
ORD-000077,CUST-00336,2025-10-12 00:00:00,Completed,"Toronto, ON, Canada",PAY-000077,629.91
ORD-000078,CUST-00260,2025-07-03 00:00:00,Cancelled,"Toronto, ON, Canada",PAY-000078,44.43
ORD-000079,CUST-00380,2025-06-12 00:00:00,Shipped,"Toronto, ON, Canada",PAY-000079,202.46
ORD-000080,CUST-00216,2025-07-19 00:00:00,Completed,"Chicago, IL, USA",PAY-000080,558.94
ORD-000081,CUST-00446,2025-04-18 00:00:00,Completed,"London, ENG, UK",PAY-000081,554.94
ORD-000082,CUST-00324,2025-05-01 00:00:00,Completed,"San Jose, CA, USA",PAY-000082,379.98
ORD-000083,CUST-00251,2025-03-17 00:00:00,Completed,"New York, NY, USA",PAY-000083,246.43
ORD-000084,CUST-00258,2025-11-28 00:00:00,Completed,"San Antonio, TX, USA",PAY-000084,788.45
ORD-000085,CUST-00462,2025-10-08 00:00:00,Completed,"Philadelphia, PA, USA",PAY-000085,64.98
ORD-000086,CUST-00064,2025-08-06 00:00:00,Shipped,"Dallas, TX, USA",PAY-000086,341.97
ORD-000087,CUST-00305,2025-02-24 00:00:00,Shipped,"London, ENG, UK",PAY-000087,189.99
ORD-000088,CUST-00228,2025-08-13 00:00:00,Completed,"Phoenix, AZ, USA",PAY-000088,334.94
ORD-000089,CUST-00145,2025-03-30 00:00:00,Cancelled,"Phoenix, AZ, USA",PAY-000089,19.99
ORD-000090,CUST-00426,2025-10-25 00:00:00,Completed,"Chicago, IL, USA",PAY-000090,244.97
ORD-000091,CUST-00077,2025-03-18 00:00:00,Cancelled,"Los Angeles, CA, USA",PAY-000091,53.97
ORD-000092,CUST-00330,2025-05-29 00:00:00,Completed,"Toronto, ON, Canada",PAY-000092,402.95
ORD-000093,CUST-00005,2025-04-11 00:00:00,Shipped,"Phoenix, AZ, USA",PAY-000093,1034.95
ORD-000094,CUST-00094,2025-03-30 00:00:00,Completed,"Dallas, TX, USA",PAY-000094,696.93
ORD-000095,CUST-00411,2025-11-18 00:00:00,Shipped,"Dallas, TX, USA",PAY-000095,806.92
ORD-000096,CUST-00033,2025-06-13 00:00:00,Shipped,"Los Angeles, CA, USA",PAY-000096,1087.41
ORD-000097,CUST-00247,2025-07-27 00:00:00,Shipped,"Dallas, TX, USA",PAY-000097,187.03
ORD-000098,CUST-00170,2025-06-22 00:00:00,Completed,"Dallas, TX, USA",PAY-000098,212.37
ORD-000099,CUST-00046,2025-10-13 00:00:00,Completed,"San Antonio, TX, USA",PAY-000099,152.94
ORD-000100,CUST-00456,2025-10-18 00:00:00,Processing,"Chicago, IL, USA",PAY-000100,410.96
ORD-000101,CUST-00170,2025-11-13 00:00:00,Cancelled,"Dallas, TX, USA",PAY-000101,373.13
ORD-000102,CUST-00360,2025-03-26 00:00:00,Completed,"San Antonio, TX, USA",PAY-000102,158.94
ORD-000103,CUST-00235,2025-05-08 00:00:00,Shipped,"London, ENG, UK",PAY-000103,230.54
ORD-000104,CUST-00272,2025-02-24 00:00:00,Processing,"Phoenix, AZ, USA",PAY-000104,1549.42
ORD-000105,CUST-00215,2025-12-08 00:00:00,Shipped,"Houston, TX, USA",PAY-000105,108.46
ORD-000106,CUST-00309,2025-10-20 00:00:00,Completed,"London, ENG, UK",PAY-000106,584.46
ORD-000107,CUST-00364,2025-03-31 00:00:00,Cancelled,"San Jose, CA, USA",PAY-000107,341.77
ORD-000108,CUST-00013,2025-08-14 00:00:00,Completed,"Toronto, ON, Canada",PAY-000108,24.99
ORD-000109,CUST-00350,2025-06-08 00:00:00,Completed,"Toronto, ON, Canada",PAY-000109,139.98
ORD-000110,CUST-00417,2025-09-19 00:00:00,Completed,"San Antonio, TX, USA",PAY-000110,603.54
ORD-000111,CUST-00199,2025-09-01 00:00:00,Cancelled,"San Antonio, TX, USA",PAY-000111,291.5
ORD-000112,CUST-00398,2025-05-10 00:00:00,Completed,"San Antonio, TX, USA",PAY-000112,543.92
ORD-000113,CUST-00079,2025-07-15 00:00:00,Processing,"London, ENG, UK",PAY-000113,1282.47
ORD-000114,CUST-00038,2025-07-12 00:00:00,Processing,"San Antonio, TX, USA",PAY-000114,112.17
ORD-000115,CUST-00114,2025-05-20 00:00:00,Shipped,"Philadelphia, PA, USA",PAY-000115,482.45
ORD-000116,CUST-00464,2025-12-25 00:00:00,Processing,"London, ENG, UK",PAY-000116,179.97
ORD-000117,CUST-00013,2025-10-22 00:00:00,Cancelled,"Toronto, ON, Canada",PAY-000117,199.94
ORD-000118,CUST-00086,2025-11-02 00:00:00,Processing,"Phoenix, AZ, USA",PAY-000118,29.99
ORD-000119,CUST-00428,2025-03-25 00:00:00,Completed,"New York, NY, USA",PAY-000119,832.93
ORD-000120,CUST-00209,2025-08-17 00:00:00,Completed,"Dallas, TX, USA",PAY-000120,2168.9
ORD-000121,CUST-00403,2025-07-04 00:00:00,Processing,"Chicago, IL, USA",PAY-000121,89.98
ORD-000122,CUST-00243,2025-04-21 00:00:00,Processing,"San Diego, CA, USA",PAY-000122,135.45
ORD-000123,CUST-00491,2025-02-05 00:00:00,Processing,"San Diego, CA, USA",PAY-000123,296.96
ORD-000124,CUST-00384,2025-07-26 00:00:00,Completed,"Phoenix, AZ, USA",PAY-000124,552.41
ORD-000125,CUST-00344,2025-03-06 00:00:00,Completed,"New York, NY, USA",PAY-000125,350.97
ORD-000126,CUST-00344,2025-05-31 00:00:00,Completed,"New York, NY, USA",PAY-000126,961.04
ORD-000127,CUST-00003,2025-07-10 00:00:00,Completed,"Los Angeles, CA, USA",PAY-000127,450.95
ORD-000128,CUST-00237,2025-09-16 00:00:00,Completed,"Houston, TX, USA",PAY-000128,192.95
ORD-000129,CUST-00417,2025-11-24 00:00:00,Processing,"San Antonio, TX, USA",PAY-000129,1792.39
ORD-000130,CUST-00069,2025-09-25 00:00:00,Processing,"Chicago, IL, USA",PAY-000130,79.98
ORD-000131,CUST-00388,2025-10-21 00:00:00,Completed,"Philadelphia, PA, USA",PAY-000131,126.46
ORD-000132,CUST-00199,2025-09-28 00:00:00,Completed,"San Antonio, TX, USA",PAY-000132,256.47
ORD-000133,CUST-00428,2025-06-14 00:00:00,Processing,"New York, NY, USA",PAY-000133,797.95
ORD-000134,CUST-00193,2025-05-25 00:00:00,Processing,"New York, NY, USA",PAY-000134,418.98
ORD-000135,CUST-00096,2025-04-21 00:00:00,Completed,"London, ENG, UK",PAY-000135,22.49
ORD-000136,CUST-00346,2025-10-03 00:00:00,Completed,"Phoenix, AZ, USA",PAY-000136,317.94
ORD-000137,CUST-00457,2025-11-20 00:00:00,Completed,"San Antonio, TX, USA",PAY-000137,49.98
ORD-000138,CUST-00450,2025-06-25 00:00:00,Completed,"New York, NY, USA",PAY-000138,116.36
ORD-000139,CUST-00086,2025-07-25 00:00:00,Completed,"Phoenix, AZ, USA",PAY-000139,53.98
ORD-000140,CUST-00268,2025-10-16 00:00:00,Shipped,"Toronto, ON, Canada",PAY-000140,413.91
ORD-000141,CUST-00460,2025-09-08 00:00:00,Processing,"San Antonio, TX, USA",PAY-000141,559.92
ORD-000142,CUST-00393,2025-05-30 00:00:00,Cancelled,"New York, NY, USA",PAY-000142,134.97
ORD-000143,CUST-00097,2025-02-02 00:00:00,Shipped,"Phoenix, AZ, USA",PAY-000143,56.97
ORD-000144,CUST-00193,2025-05-16 00:00:00,Shipped,"New York, NY, USA",PAY-000144,419.94
ORD-000145,CUST-00314,2025-06-21 00:00:00,Shipped,"Toronto, ON, Canada",PAY-000145,257.76
ORD-000146,CUST-00397,2025-08-22 00:00:00,Shipped,"Philadelphia, PA, USA",PAY-000146,134.95
ORD-000147,CUST-00261,2025-08-24 00:00:00,Cancelled,"Phoenix, AZ, USA",PAY-000147,298.73
ORD-000148,CUST-00422,2025-04-15 00:00:00,Completed,"Los Angeles, CA, USA",PAY-000148,1089.4
ORD-000149,CUST-00225,2025-02-05 00:00:00,Completed,"Los Angeles, CA, USA",PAY-000149,758.91
ORD-000150,CUST-00400,2025-08-23 00:00:00,Completed,"New York, NY, USA",PAY-000150,724.91
ORD-000151,CUST-00477,2025-08-25 00:00:00,Processing,"Philadelphia, PA, USA",PAY-000151,58.49
ORD-000152,CUST-00287,2025-03-09 00:00:00,Processing,"Philadelphia, PA, USA",PAY-000152,509.93
ORD-000153,CUST-00493,2025-09-22 00:00:00,Shipped,"Chicago, IL, USA",PAY-000153,1038.91
ORD-000154,CUST-00359,2025-06-14 00:00:00,Completed,"Los Angeles, CA, USA",PAY-000154,303.92
ORD-000155,CUST-00378,2025-05-13 00:00:00,Completed,"London, ENG, UK",PAY-000155,164.71
ORD-000156,CUST-00472,2025-03-12 00:00:00,Shipped,"Phoenix, AZ, USA",PAY-000156,552.03
ORD-000157,CUST-00204,2025-05-24 00:00:00,Cancelled,"Toronto, ON, Canada",PAY-000157,158.95
ORD-000158,CUST-00202,2025-04-30 00:00:00,Completed,"Houston, TX, USA",PAY-000158,188.97
ORD-000159,CUST-00346,2025-05-18 00:00:00,Completed,"Phoenix, AZ, USA",PAY-000159,569.98
ORD-000160,CUST-00138,2025-09-29 00:00:00,Processing,"San Jose, CA, USA",PAY-000160,349.94
ORD-000161,CUST-00093,2025-11-19 00:00:00,Completed,"Dallas, TX, USA",PAY-000161,135.96
ORD-000162,CUST-00413,2025-02-04 00:00:00,Completed,"Toronto, ON, Canada",PAY-000162,300.39
ORD-000163,CUST-00382,2025-07-21 00:00:00,Completed,"Dallas, TX, USA",PAY-000163,440.93
ORD-000164,CUST-00167,2025-10-19 00:00:00,Completed,"San Diego, CA, USA",PAY-000164,571.31
ORD-000165,CUST-00163,2025-06-29 00:00:00,Shipped,"San Jose, CA, USA",PAY-000165,481.34
ORD-000166,CUST-00065,2025-05-31 00:00:00,Shipped,"Toronto, ON, Canada",PAY-000166,222.96
ORD-000167,CUST-00014,2025-08-22 00:00:00,Processing,"Houston, TX, USA",PAY-000167,99.98
ORD-000168,CUST-00159,2025-05-28 00:00:00,Completed,"San Antonio, TX, USA",PAY-000168,181.69
ORD-000169,CUST-00303,2025-12-02 00:00:00,Completed,"Chicago, IL, USA",PAY-000169,233.14
ORD-000170,CUST-00147,2025-09-28 00:00:00,Processing,"Toronto, ON, Canada",PAY-000170,125.98
ORD-000171,CUST-00393,2025-09-08 00:00:00,Cancelled,"New York, NY, USA",PAY-000171,660.98
ORD-000172,CUST-00128,2025-04-24 00:00:00,Shipped,"Toronto, ON, Canada",PAY-000172,568.91
ORD-000173,CUST-00070,2025-06-28 00:00:00,Completed,"San Antonio, TX, USA",PAY-000173,165.34
ORD-000174,CUST-00078,2025-02-07 00:00:00,Completed,"San Antonio, TX, USA",PAY-000174,369.96
ORD-000175,CUST-00137,2025-08-19 00:00:00,Completed,"Phoenix, AZ, USA",PAY-000175,699.93
ORD-000176,CUST-00243,2025-08-18 00:00:00,Shipped,"San Diego, CA, USA",PAY-000176,1028.92
ORD-000177,CUST-00185,2025-02-26 00:00:00,Cancelled,"Philadelphia, PA, USA",PAY-000177,240.95
ORD-000178,CUST-00407,2025-06-21 00:00:00,Processing,"Los Angeles, CA, USA",PAY-000178,39.99
ORD-000179,CUST-00353,2025-12-02 00:00:00,Completed,"Phoenix, AZ, USA",PAY-000179,815.93
ORD-000180,CUST-00065,2025-10-07 00:00:00,Completed,"Toronto, ON, Canada",PAY-000180,228.51
ORD-000181,CUST-00287,2025-06-30 00:00:00,Processing,"Philadelphia, PA, USA",PAY-000181,478.22
ORD-000182,CUST-00420,2025-06-14 00:00:00,Processing,"San Diego, CA, USA",PAY-000182,1405.43
ORD-000183,CUST-00165,2025-03-04 00:00:00,Shipped,"Los Angeles, CA, USA",PAY-000183,565.54
ORD-000184,CUST-00268,2025-03-06 00:00:00,Completed,"Toronto, ON, Canada",PAY-000184,149.98
ORD-000185,CUST-00270,2025-12-16 00:00:00,Shipped,"Philadelphia, PA, USA",PAY-000185,300.93
ORD-000186,CUST-00411,2025-12-24 00:00:00,Completed,"Dallas, TX, USA",PAY-000186,191.94
ORD-000187,CUST-00052,2025-05-29 00:00:00,Processing,"San Jose, CA, USA",PAY-000187,771.18
ORD-000188,CUST-00453,2025-03-25 00:00:00,Completed,"Dallas, TX, USA",PAY-000188,173.49
ORD-000189,CUST-00433,2025-08-09 00:00:00,Completed,"London, ENG, UK",PAY-000189,1048.31
ORD-000190,CUST-00266,2025-04-10 00:00:00,Completed,"New York, NY, USA",PAY-000190,39.99
ORD-000191,CUST-00471,2025-11-10 00:00:00,Processing,"San Antonio, TX, USA",PAY-000191,184.97
ORD-000192,CUST-00456,2025-11-25 00:00:00,Completed,"Chicago, IL, USA",PAY-000192,98.48
ORD-000193,CUST-00250,2025-11-22 00:00:00,Cancelled,"Houston, TX, USA",PAY-000193,94.02
ORD-000194,CUST-00375,2025-11-22 00:00:00,Completed,"San Antonio, TX, USA",PAY-000194,427.49
ORD-000195,CUST-00477,2025-04-02 00:00:00,Cancelled,"Philadelphia, PA, USA",PAY-000195,581.94
ORD-000196,CUST-00157,2025-10-26 00:00:00,Completed,"San Antonio, TX, USA",PAY-000196,306.22
ORD-000197,CUST-00076,2025-04-08 00:00:00,Completed,"San Antonio, TX, USA",PAY-000197,104.97
ORD-000198,CUST-00205,2025-10-14 00:00:00,Completed,"Los Angeles, CA, USA",PAY-000198,138.95
ORD-000199,CUST-00125,2025-03-08 00:00:00,Completed,"Chicago, IL, USA",PAY-000199,423.93
ORD-000200,CUST-00226,2025-02-22 00:00:00,Cancelled,"San Jose, CA, USA",PAY-000200,319.95
ORD-000201,CUST-00379,2025-02-27 00:00:00,Completed,"Phoenix, AZ, USA",PAY-000201,499.96
ORD-000202,CUST-00105,2025-11-06 00:00:00,Processing,"London, ENG, UK",PAY-000202,217.92
ORD-000203,CUST-00031,2025-06-25 00:00:00,Completed,"San Jose, CA, USA",PAY-000203,486.46
ORD-000204,CUST-00195,2025-10-18 00:00:00,Shipped,"Philadelphia, PA, USA",PAY-000204,599.98
ORD-000205,CUST-00257,2025-09-22 00:00:00,Processing,"Los Angeles, CA, USA",PAY-000205,85.49
ORD-000206,CUST-00202,2025-04-21 00:00:00,Completed,"Houston, TX, USA",PAY-000206,837.92
ORD-000207,CUST-00116,2025-04-18 00:00:00,Completed,"Houston, TX, USA",PAY-000207,286.92
ORD-000208,CUST-00442,2025-04-11 00:00:00,Completed,"Philadelphia, PA, USA",PAY-000208,1384.96
ORD-000209,CUST-00392,2025-07-13 00:00:00,Completed,"New York, NY, USA",PAY-000209,253.77
ORD-000210,CUST-00184,2025-03-12 00:00:00,Shipped,"Phoenix, AZ, USA",PAY-000210,266.08
ORD-000211,CUST-00017,2025-08-28 00:00:00,Cancelled,"San Jose, CA, USA",PAY-000211,29.98
ORD-000212,CUST-00388,2025-05-15 00:00:00,Completed,"Philadelphia, PA, USA",PAY-000212,72.97
ORD-000213,CUST-00369,2025-07-10 00:00:00,Completed,"Philadelphia, PA, USA",PAY-000213,26.09
ORD-000214,CUST-00266,2025-11-02 00:00:00,Completed,"New York, NY, USA",PAY-000214,45.98
ORD-000215,CUST-00453,2025-07-05 00:00:00,Cancelled,"Dallas, TX, USA",PAY-000215,417.93
ORD-000216,CUST-00370,2025-10-14 00:00:00,Completed,"Toronto, ON, Canada",PAY-000216,1511.95
ORD-000217,CUST-00129,2025-07-15 00:00:00,Shipped,"Phoenix, AZ, USA",PAY-000217,166.18
ORD-000218,CUST-00269,2025-08-15 00:00:00,Shipped,"San Diego, CA, USA",PAY-000218,261.82
ORD-000219,CUST-00084,2025-04-15 00:00:00,Completed,"San Jose, CA, USA",PAY-000219,94.98
ORD-000220,CUST-00321,2025-05-03 00:00:00,Completed,"San Antonio, TX, USA",PAY-000220,970.44
ORD-000221,CUST-00112,2025-11-28 00:00:00,Shipped,"New York, NY, USA",PAY-000221,611.42
ORD-000222,CUST-00335,2025-07-28 00:00:00,Completed,"San Jose, CA, USA",PAY-000222,281.46
ORD-000223,CUST-00345,2025-06-25 00:00:00,Processing,"San Jose, CA, USA",PAY-000223,421.96
ORD-000224,CUST-00189,2025-08-13 00:00:00,Cancelled,"New York, NY, USA",PAY-000224,33.98
ORD-000225,CUST-00242,2025-04-09 00:00:00,Completed,"London, ENG, UK",PAY-000225,686.91
ORD-000226,CUST-00219,2025-12-08 00:00:00,Cancelled,"Chicago, IL, USA",PAY-000226,262.58
ORD-000227,CUST-00414,2025-05-03 00:00:00,Processing,"Toronto, ON, Canada",PAY-000227,199.98
ORD-000228,CUST-00378,2025-05-17 00:00:00,Cancelled,"London, ENG, UK",PAY-000228,1167.41
ORD-000229,CUST-00154,2025-10-17 00:00:00,Processing,"San Antonio, TX, USA",PAY-000229,1732.42
ORD-000230,CUST-00170,2025-07-23 00:00:00,Shipped,"Dallas, TX, USA",PAY-000230,917.4
ORD-000231,CUST-00290,2025-07-11 00:00:00,Processing,"Los Angeles, CA, USA",PAY-000231,99.72
ORD-000232,CUST-00497,2025-04-17 00:00:00,Completed,"London, ENG, UK",PAY-000232,299.98
ORD-000233,CUST-00305,2025-03-31 00:00:00,Cancelled,"London, ENG, UK",PAY-000233,625.46
ORD-000234,CUST-00425,2025-07-04 00:00:00,Completed,"Phoenix, AZ, USA",PAY-000234,419.94
ORD-000235,CUST-00398,2025-07-17 00:00:00,Completed,"San Antonio, TX, USA",PAY-000235,86.97
ORD-000236,CUST-00199,2025-10-25 00:00:00,Completed,"San Antonio, TX, USA",PAY-000236,39.99
ORD-000237,CUST-00267,2025-07-09 00:00:00,Completed,"Los Angeles, CA, USA",PAY-000237,1029.68
ORD-000238,CUST-00059,2025-02-07 00:00:00,Processing,"Chicago, IL, USA",PAY-000238,99.72
ORD-000239,CUST-00139,2025-04-13 00:00:00,Shipped,"Chicago, IL, USA",PAY-000239,313.48
ORD-000240,CUST-00015,2025-09-29 00:00:00,Shipped,"Toronto, ON, Canada",PAY-000240,99.98
ORD-000241,CUST-00201,2025-05-02 00:00:00,Shipped,"Phoenix, AZ, USA",PAY-000241,692.95
ORD-000242,CUST-00241,2025-05-29 00:00:00,Completed,"San Jose, CA, USA",PAY-000242,224.8
ORD-000243,CUST-00250,2025-02-15 00:00:00,Completed,"Houston, TX, USA",PAY-000243,1268.41
ORD-000244,CUST-00206,2025-11-29 00:00:00,Completed,"Dallas, TX, USA",PAY-000244,225.95
ORD-000245,CUST-00402,2025-09-10 00:00:00,Processing,"Toronto, ON, Canada",PAY-000245,320.95
ORD-000246,CUST-00421,2025-09-15 00:00:00,Completed,"Los Angeles, CA, USA",PAY-000246,908.95
ORD-000247,CUST-00273,2025-06-29 00:00:00,Completed,"New York, NY, USA",PAY-000247,1183.4
ORD-000248,CUST-00190,2025-11-08 00:00:00,Completed,"Philadelphia, PA, USA",PAY-000248,427.47
ORD-000249,CUST-00121,2025-09-09 00:00:00,Shipped,"Toronto, ON, Canada",PAY-000249,1343.91
ORD-000250,CUST-00432,2025-08-03 00:00:00,Cancelled,"Chicago, IL, USA",PAY-000250,211.94
ORD-000251,CUST-00044,2025-04-11 00:00:00,Shipped,"Dallas, TX, USA",PAY-000251,701.5
ORD-000252,CUST-00218,2025-12-06 00:00:00,Completed,"New York, NY, USA",PAY-000252,847.8
ORD-000253,CUST-00239,2025-10-22 00:00:00,Completed,"Toronto, ON, Canada",PAY-000253,159.98
ORD-000254,CUST-00314,2025-02-27 00:00:00,Completed,"Toronto, ON, Canada",PAY-000254,62.98
ORD-000255,CUST-00181,2025-06-30 00:00:00,Completed,"San Antonio, TX, USA",PAY-000255,455.94
ORD-000256,CUST-00337,2025-06-29 00:00:00,Cancelled,"Chicago, IL, USA",PAY-000256,99.98
ORD-000257,CUST-00259,2025-03-11 00:00:00,Cancelled,"Los Angeles, CA, USA",PAY-000257,259.43
ORD-000258,CUST-00466,2025-11-29 00:00:00,Shipped,"Chicago, IL, USA",PAY-000258,105.96
ORD-000259,CUST-00410,2025-10-28 00:00:00,Cancelled,"San Diego, CA, USA",PAY-000259,149.99
ORD-000260,CUST-00429,2025-10-11 00:00:00,Cancelled,"San Antonio, TX, USA",PAY-000260,1114.95
ORD-000261,CUST-00238,2025-08-23 00:00:00,Completed,"San Jose, CA, USA",PAY-000261,182.33
ORD-000262,CUST-00493,2025-10-29 00:00:00,Shipped,"Chicago, IL, USA",PAY-000262,142.47
ORD-000263,CUST-00172,2025-06-18 00:00:00,Completed,"San Jose, CA, USA",PAY-000263,175.47
ORD-000264,CUST-00267,2025-07-22 00:00:00,Shipped,"Los Angeles, CA, USA",PAY-000264,322.98
ORD-000265,CUST-00269,2025-03-25 00:00:00,Shipped,"San Diego, CA, USA",PAY-000265,633.93
ORD-000266,CUST-00363,2025-04-02 00:00:00,Completed,"San Antonio, TX, USA",PAY-000266,434.94
ORD-000267,CUST-00328,2025-09-20 00:00:00,Completed,"Toronto, ON, Canada",PAY-000267,1689.92
ORD-000268,CUST-00313,2025-08-20 00:00:00,Completed,"Philadelphia, PA, USA",PAY-000268,1100.44
ORD-000269,CUST-00478,2025-02-19 00:00:00,Shipped,"Phoenix, AZ, USA",PAY-000269,577.41
ORD-000270,CUST-00002,2025-08-15 00:00:00,Shipped,"Los Angeles, CA, USA",PAY-000270,749.91
ORD-000271,CUST-00390,2025-06-28 00:00:00,Shipped,"Phoenix, AZ, USA",PAY-000271,122.96
ORD-000272,CUST-00459,2025-03-26 00:00:00,Shipped,"London, ENG, UK",PAY-000272,129.96
ORD-000273,CUST-00251,2025-08-18 00:00:00,Completed,"New York, NY, USA",PAY-000273,165.16
ORD-000274,CUST-00380,2025-11-23 00:00:00,Completed,"Toronto, ON, Canada",PAY-000274,269.97
ORD-000275,CUST-00465,2025-12-13 00:00:00,Completed,"Houston, TX, USA",PAY-000275,250.48
ORD-000276,CUST-00313,2025-04-28 00:00:00,Cancelled,"Philadelphia, PA, USA",PAY-000276,44.99
ORD-000277,CUST-00033,2025-05-14 00:00:00,Completed,"Los Angeles, CA, USA",PAY-000277,145.94
ORD-000278,CUST-00062,2025-06-20 00:00:00,Completed,"Los Angeles, CA, USA",PAY-000278,523.12
ORD-000279,CUST-00475,2025-03-17 00:00:00,Shipped,"Phoenix, AZ, USA",PAY-000279,1452.44
ORD-000280,CUST-00211,2025-06-02 00:00:00,Completed,"Los Angeles, CA, USA",PAY-000280,29.69
ORD-000281,CUST-00179,2025-09-02 00:00:00,Completed,"Los Angeles, CA, USA",PAY-000281,479.94
ORD-000282,CUST-00028,2025-05-10 00:00:00,Completed,"Los Angeles, CA, USA",PAY-000282,74.97
ORD-000283,CUST-00223,2025-06-08 00:00:00,Completed,"Houston, TX, USA",PAY-000283,451.92
ORD-000284,CUST-00399,2025-03-28 00:00:00,Completed,"Los Angeles, CA, USA",PAY-000284,294.95
ORD-000285,CUST-00075,2025-05-21 00:00:00,Processing,"Phoenix, AZ, USA",PAY-000285,731.91
ORD-000286,CUST-00144,2025-04-10 00:00:00,Completed,"New York, NY, USA",PAY-000286,555.89
ORD-000287,CUST-00442,2025-05-21 00:00:00,Processing,"Philadelphia, PA, USA",PAY-000287,748.17
ORD-000288,CUST-00214,2025-02-22 00:00:00,Completed,"Phoenix, AZ, USA",PAY-000288,1543.33
ORD-000289,CUST-00152,2025-06-02 00:00:00,Shipped,"San Diego, CA, USA",PAY-000289,664.98
ORD-000290,CUST-00440,2025-11-19 00:00:00,Shipped,"London, ENG, UK",PAY-000290,279.98
ORD-000291,CUST-00405,2025-08-08 00:00:00,Shipped,"Chicago, IL, USA",PAY-000291,1294.91
ORD-000292,CUST-00377,2025-02-28 00:00:00,Processing,"Philadelphia, PA, USA",PAY-000292,389.93
ORD-000293,CUST-00288,2025-05-15 00:00:00,Completed,"Dallas, TX, USA",PAY-000293,424.43
ORD-000294,CUST-00142,2025-02-27 00:00:00,Completed,"San Antonio, TX, USA",PAY-000294,869.72
ORD-000295,CUST-00042,2025-08-19 00:00:00,Completed,"San Diego, CA, USA",PAY-000295,734.93
ORD-000296,CUST-00243,2025-07-27 00:00:00,Completed,"San Diego, CA, USA",PAY-000296,1364.41
ORD-000297,CUST-00460,2025-07-06 00:00:00,Completed,"San Antonio, TX, USA",PAY-000297,422.93
ORD-000298,CUST-00499,2025-04-30 00:00:00,Cancelled,"Dallas, TX, USA",PAY-000298,184.97
ORD-000299,CUST-00134,2025-08-08 00:00:00,Completed,"San Diego, CA, USA",PAY-000299,164.33
ORD-000300,CUST-00063,2025-02-12 00:00:00,Completed,"Philadelphia, PA, USA",PAY-000300,1730.16
ORD-000301,CUST-00353,2025-03-29 00:00:00,Shipped,"Phoenix, AZ, USA",PAY-000301,220.63
ORD-000302,CUST-00029,2025-12-08 00:00:00,Shipped,"San Jose, CA, USA",PAY-000302,114.48
ORD-000303,CUST-00347,2025-03-16 00:00:00,Processing,"San Antonio, TX, USA",PAY-000303,1135.99
ORD-000304,CUST-00191,2025-02-06 00:00:00,Completed,"San Diego, CA, USA",PAY-000304,877.93
ORD-000305,CUST-00072,2025-11-27 00:00:00,Processing,"San Diego, CA, USA",PAY-000305,42.74
ORD-000306,CUST-00034,2025-11-29 00:00:00,Cancelled,"San Jose, CA, USA",PAY-000306,467.93
ORD-000307,CUST-00149,2025-11-10 00:00:00,Completed,"Houston, TX, USA",PAY-000307,113.97
ORD-000308,CUST-00014,2025-02-01 00:00:00,Completed,"Houston, TX, USA",PAY-000308,167.95
ORD-000309,CUST-00290,2025-09-11 00:00:00,Cancelled,"Los Angeles, CA, USA",PAY-000309,199.93
ORD-000310,CUST-00075,2025-07-13 00:00:00,Completed,"Phoenix, AZ, USA",PAY-000310,308.71
ORD-000311,CUST-00393,2025-12-18 00:00:00,Completed,"New York, NY, USA",PAY-000311,31.34
ORD-000312,CUST-00351,2025-08-04 00:00:00,Completed,"Dallas, TX, USA",PAY-000312,523.19
ORD-000313,CUST-00426,2025-05-07 00:00:00,Cancelled,"Chicago, IL, USA",PAY-000313,99.98
ORD-000314,CUST-00420,2025-04-08 00:00:00,Completed,"San Diego, CA, USA",PAY-000314,578.93
ORD-000315,CUST-00158,2025-04-05 00:00:00,Completed,"San Antonio, TX, USA",PAY-000315,249.95
ORD-000316,CUST-00241,2025-04-01 00:00:00,Completed,"San Jose, CA, USA",PAY-000316,559.98
ORD-000317,CUST-00301,2025-05-13 00:00:00,Completed,"Dallas, TX, USA",PAY-000317,1246.42
ORD-000318,CUST-00420,2025-11-23 00:00:00,Cancelled,"San Diego, CA, USA",PAY-000318,28.99
ORD-000319,CUST-00088,2025-11-02 00:00:00,Completed,"Houston, TX, USA",PAY-000319,94.47
ORD-000320,CUST-00226,2025-03-26 00:00:00,Completed,"San Jose, CA, USA",PAY-000320,534.92
ORD-000321,CUST-00286,2025-02-20 00:00:00,Completed,"Houston, TX, USA",PAY-000321,317.94
ORD-000322,CUST-00439,2025-03-07 00:00:00,Cancelled,"Dallas, TX, USA",PAY-000322,1061.89
ORD-000323,CUST-00074,2025-08-21 00:00:00,Completed,"Phoenix, AZ, USA",PAY-000323,22.99
ORD-000324,CUST-00103,2025-12-01 00:00:00,Cancelled,"Toronto, ON, Canada",PAY-000324,269.3
ORD-000325,CUST-00249,2025-10-19 00:00:00,Completed,"San Antonio, TX, USA",PAY-000325,729.97
ORD-000326,CUST-00051,2025-02-27 00:00:00,Cancelled,"San Jose, CA, USA",PAY-000326,59.97
ORD-000327,CUST-00196,2025-12-06 00:00:00,Shipped,"London, ENG, UK",PAY-000327,214.94
ORD-000328,CUST-00252,2025-10-16 00:00:00,Completed,"Dallas, TX, USA",PAY-000328,399.56
ORD-000329,CUST-00286,2025-07-05 00:00:00,Shipped,"Houston, TX, USA",PAY-000329,113.46
ORD-000330,CUST-00292,2025-10-09 00:00:00,Shipped,"San Diego, CA, USA",PAY-000330,368.31
ORD-000331,CUST-00032,2025-02-14 00:00:00,Processing,"San Antonio, TX, USA",PAY-000331,66.48
ORD-000332,CUST-00392,2025-12-17 00:00:00,Completed,"New York, NY, USA",PAY-000332,932.43
ORD-000333,CUST-00276,2025-07-16 00:00:00,Completed,"London, ENG, UK",PAY-000333,228.43
ORD-000334,CUST-00086,2025-12-11 00:00:00,Completed,"Phoenix, AZ, USA",PAY-000334,513.93
ORD-000335,CUST-00320,2025-03-19 00:00:00,Shipped,"Phoenix, AZ, USA",PAY-000335,170.98
ORD-000336,CUST-00219,2025-05-18 00:00:00,Completed,"Chicago, IL, USA",PAY-000336,360.98
ORD-000337,CUST-00103,2025-08-31 00:00:00,Completed,"Toronto, ON, Canada",PAY-000337,431.93
ORD-000338,CUST-00479,2025-11-16 00:00:00,Shipped,"Houston, TX, USA",PAY-000338,27.54
ORD-000339,CUST-00124,2025-04-18 00:00:00,Shipped,"London, ENG, UK",PAY-000339,729.95
ORD-000340,CUST-00208,2025-06-02 00:00:00,Completed,"New York, NY, USA",PAY-000340,1068.46
ORD-000341,CUST-00082,2025-06-19 00:00:00,Completed,"San Antonio, TX, USA",PAY-000341,129.98
ORD-000342,CUST-00401,2025-02-10 00:00:00,Completed,"Philadelphia, PA, USA",PAY-000342,854.97
ORD-000343,CUST-00344,2025-03-18 00:00:00,Completed,"New York, NY, USA",PAY-000343,325.44
ORD-000344,CUST-00308,2025-04-03 00:00:00,Cancelled,"Dallas, TX, USA",PAY-000344,502.95
ORD-000345,CUST-00110,2025-06-20 00:00:00,Completed,"New York, NY, USA",PAY-000345,369.68
ORD-000346,CUST-00011,2025-12-27 00:00:00,Processing,"Los Angeles, CA, USA",PAY-000346,68.97
ORD-000347,CUST-00283,2025-08-15 00:00:00,Completed,"San Jose, CA, USA",PAY-000347,131.96
ORD-000348,CUST-00324,2025-07-12 00:00:00,Cancelled,"San Jose, CA, USA",PAY-000348,760.42
ORD-000349,CUST-00260,2025-03-05 00:00:00,Completed,"Toronto, ON, Canada",PAY-000349,192.32
ORD-000350,CUST-00434,2025-12-01 00:00:00,Shipped,"Toronto, ON, Canada",PAY-000350,402.25
ORD-000351,CUST-00202,2025-08-12 00:00:00,Cancelled,"Houston, TX, USA",PAY-000351,1070.66
ORD-000352,CUST-00135,2025-04-27 00:00:00,Completed,"Houston, TX, USA",PAY-000352,311.33
ORD-000353,CUST-00383,2025-10-11 00:00:00,Completed,"New York, NY, USA",PAY-000353,174.95
ORD-000354,CUST-00015,2025-06-28 00:00:00,Completed,"Toronto, ON, Canada",PAY-000354,96.46
ORD-000355,CUST-00447,2025-07-15 00:00:00,Shipped,"Toronto, ON, Canada",PAY-000355,663.65
ORD-000356,CUST-00477,2025-05-31 00:00:00,Completed,"Philadelphia, PA, USA",PAY-000356,293.94
ORD-000357,CUST-00258,2025-10-10 00:00:00,Completed,"San Antonio, TX, USA",PAY-000357,1006.42
ORD-000358,CUST-00224,2025-04-25 00:00:00,Completed,"New York, NY, USA",PAY-000358,202.91
ORD-000359,CUST-00235,2025-10-10 00:00:00,Completed,"London, ENG, UK",PAY-000359,279.98
ORD-000360,CUST-00299,2025-02-02 00:00:00,Processing,"Phoenix, AZ, USA",PAY-000360,884.96
ORD-000361,CUST-00146,2025-04-03 00:00:00,Completed,"Dallas, TX, USA",PAY-000361,824.94
ORD-000362,CUST-00167,2025-11-18 00:00:00,Completed,"San Diego, CA, USA",PAY-000362,645.95
ORD-000363,CUST-00048,2025-08-23 00:00:00,Completed,"Houston, TX, USA",PAY-000363,969.96
ORD-000364,CUST-00153,2025-10-09 00:00:00,Cancelled,"Dallas, TX, USA",PAY-000364,241.17
ORD-000365,CUST-00244,2025-06-17 00:00:00,Processing,"Philadelphia, PA, USA",PAY-000365,530.51
ORD-000366,CUST-00332,2025-04-20 00:00:00,Completed,"Toronto, ON, Canada",PAY-000366,89.98
ORD-000367,CUST-00066,2025-07-03 00:00:00,Cancelled,"Chicago, IL, USA",PAY-000367,162.95
ORD-000368,CUST-00263,2025-03-27 00:00:00,Processing,"San Diego, CA, USA",PAY-000368,732.39
ORD-000369,CUST-00092,2025-05-04 00:00:00,Cancelled,"Los Angeles, CA, USA",PAY-000369,895.39
ORD-000370,CUST-00495,2025-05-06 00:00:00,Completed,"Philadelphia, PA, USA",PAY-000370,191.66
ORD-000371,CUST-00060,2025-02-06 00:00:00,Completed,"Chicago, IL, USA",PAY-000371,710.4
ORD-000372,CUST-00418,2025-02-08 00:00:00,Shipped,"Dallas, TX, USA",PAY-000372,804.95
ORD-000373,CUST-00045,2025-07-04 00:00:00,Cancelled,"San Diego, CA, USA",PAY-000373,454.45
ORD-000374,CUST-00104,2025-06-30 00:00:00,Processing,"San Antonio, TX, USA",PAY-000374,992.91
ORD-000375,CUST-00263,2025-11-29 00:00:00,Shipped,"San Diego, CA, USA",PAY-000375,626.61
ORD-000376,CUST-00254,2025-12-15 00:00:00,Shipped,"Philadelphia, PA, USA",PAY-000376,234.45
ORD-000377,CUST-00260,2025-05-23 00:00:00,Processing,"Toronto, ON, Canada",PAY-000377,383.44
ORD-000378,CUST-00319,2025-05-17 00:00:00,Completed,"Philadelphia, PA, USA",PAY-000378,49.98
ORD-000379,CUST-00052,2025-08-31 00:00:00,Completed,"San Jose, CA, USA",PAY-000379,169.46
ORD-000380,CUST-00059,2025-12-13 00:00:00,Completed,"Chicago, IL, USA",PAY-000380,20.69
ORD-000381,CUST-00394,2025-02-23 00:00:00,Cancelled,"San Diego, CA, USA",PAY-000381,488.92
ORD-000382,CUST-00500,2025-03-26 00:00:00,Cancelled,"San Diego, CA, USA",PAY-000382,22.99
ORD-000383,CUST-00323,2025-04-01 00:00:00,Cancelled,"London, ENG, UK",PAY-000383,352.44
ORD-000384,CUST-00376,2025-03-22 00:00:00,Completed,"Dallas, TX, USA",PAY-000384,226.96
ORD-000385,CUST-00137,2025-08-09 00:00:00,Shipped,"Phoenix, AZ, USA",PAY-000385,308.94
ORD-000386,CUST-00484,2025-02-15 00:00:00,Completed,"Phoenix, AZ, USA",PAY-000386,1709.95
ORD-000387,CUST-00032,2025-08-20 00:00:00,Cancelled,"San Antonio, TX, USA",PAY-000387,74.97
ORD-000388,CUST-00324,2025-10-24 00:00:00,Completed,"San Jose, CA, USA",PAY-000388,350.92
ORD-000389,CUST-00358,2025-07-26 00:00:00,Cancelled,"London, ENG, UK",PAY-000389,861.43
ORD-000390,CUST-00267,2025-07-24 00:00:00,Cancelled,"Los Angeles, CA, USA",PAY-000390,1054.46
ORD-000391,CUST-00259,2025-03-28 00:00:00,Shipped,"Los Angeles, CA, USA",PAY-000391,189.98
ORD-000392,CUST-00388,2025-04-04 00:00:00,Completed,"Philadelphia, PA, USA",PAY-000392,505.03
ORD-000393,CUST-00054,2025-07-17 00:00:00,Processing,"London, ENG, UK",PAY-000393,989.97
ORD-000394,CUST-00048,2025-03-03 00:00:00,Completed,"Houston, TX, USA",PAY-000394,164.45
ORD-000395,CUST-00447,2025-06-15 00:00:00,Processing,"Toronto, ON, Canada",PAY-000395,298.92
ORD-000396,CUST-00356,2025-05-19 00:00:00,Completed,"San Antonio, TX, USA",PAY-000396,340.86
ORD-000397,CUST-00249,2025-02-14 00:00:00,Cancelled,"San Antonio, TX, USA",PAY-000397,260.96
ORD-000398,CUST-00094,2025-10-08 00:00:00,Completed,"Dallas, TX, USA",PAY-000398,45.98
ORD-000399,CUST-00294,2025-07-08 00:00:00,Processing,"Houston, TX, USA",PAY-000399,638.03
ORD-000400,CUST-00199,2025-05-30 00:00:00,Completed,"San Antonio, TX, USA",PAY-000400,275.19
ORD-000401,CUST-00099,2025-12-13 00:00:00,Processing,"Chicago, IL, USA",PAY-000401,56.97
ORD-000402,CUST-00062,2025-10-30 00:00:00,Completed,"Los Angeles, CA, USA",PAY-000402,14.99
ORD-000403,CUST-00044,2025-10-31 00:00:00,Processing,"Dallas, TX, USA",PAY-000403,322.95
ORD-000404,CUST-00196,2025-06-11 00:00:00,Completed,"London, ENG, UK",PAY-000404,149.97
ORD-000405,CUST-00394,2025-03-17 00:00:00,Completed,"San Diego, CA, USA",PAY-000405,131.2
ORD-000406,CUST-00193,2025-04-02 00:00:00,Completed,"New York, NY, USA",PAY-000406,285.84
ORD-000407,CUST-00163,2025-09-25 00:00:00,Processing,"San Jose, CA, USA",PAY-000407,1973.17
ORD-000408,CUST-00229,2025-03-14 00:00:00,Cancelled,"London, ENG, UK",PAY-000408,224.96
ORD-000409,CUST-00022,2025-01-31 00:00:00,Cancelled,"San Antonio, TX, USA",PAY-000409,725.91
ORD-000410,CUST-00432,2025-12-20 00:00:00,Completed,"Chicago, IL, USA",PAY-000410,385.47
ORD-000411,CUST-00453,2025-07-25 00:00:00,Shipped,"Dallas, TX, USA",PAY-000411,517.43
ORD-000412,CUST-00009,2025-04-09 00:00:00,Shipped,"Phoenix, AZ, USA",PAY-000412,65.98
ORD-000413,CUST-00212,2025-11-11 00:00:00,Shipped,"Philadelphia, PA, USA",PAY-000413,512.88
ORD-000414,CUST-00424,2025-12-04 00:00:00,Completed,"Houston, TX, USA",PAY-000414,1161.93
ORD-000415,CUST-00253,2025-08-04 00:00:00,Completed,"Toronto, ON, Canada",PAY-000415,484.34
ORD-000416,CUST-00034,2025-11-28 00:00:00,Completed,"San Jose, CA, USA",PAY-000416,69.98
ORD-000417,CUST-00435,2025-02-11 00:00:00,Shipped,"San Jose, CA, USA",PAY-000417,338.94
ORD-000418,CUST-00063,2025-10-23 00:00:00,Completed,"Philadelphia, PA, USA",PAY-000418,481.92
ORD-000419,CUST-00470,2025-06-07 00:00:00,Completed,"Phoenix, AZ, USA",PAY-000419,263.96
ORD-000420,CUST-00243,2025-06-02 00:00:00,Completed,"San Diego, CA, USA",PAY-000420,449.97
ORD-000421,CUST-00392,2025-03-20 00:00:00,Shipped,"New York, NY, USA",PAY-000421,280.94
ORD-000422,CUST-00034,2025-03-24 00:00:00,Shipped,"San Jose, CA, USA",PAY-000422,21.84
ORD-000423,CUST-00050,2025-12-13 00:00:00,Cancelled,"Chicago, IL, USA",PAY-000423,180.33
ORD-000424,CUST-00265,2025-07-18 00:00:00,Processing,"New York, NY, USA",PAY-000424,749.94
ORD-000425,CUST-00327,2025-10-18 00:00:00,Completed,"Chicago, IL, USA",PAY-000425,221.23
ORD-000426,CUST-00076,2025-09-28 00:00:00,Completed,"San Antonio, TX, USA",PAY-000426,539.94
ORD-000427,CUST-00342,2025-10-01 00:00:00,Shipped,"Phoenix, AZ, USA",PAY-000427,668.46
ORD-000428,CUST-00254,2025-05-23 00:00:00,Completed,"Philadelphia, PA, USA",PAY-000428,225.45
ORD-000429,CUST-00205,2025-05-05 00:00:00,Cancelled,"Los Angeles, CA, USA",PAY-000429,99.99
ORD-000430,CUST-00016,2025-11-11 00:00:00,Completed,"New York, NY, USA",PAY-000430,74.08
ORD-000431,CUST-00174,2025-11-10 00:00:00,Completed,"Houston, TX, USA",PAY-000431,473.48
ORD-000432,CUST-00480,2025-05-18 00:00:00,Completed,"Phoenix, AZ, USA",PAY-000432,388.43
ORD-000433,CUST-00472,2025-02-23 00:00:00,Cancelled,"Phoenix, AZ, USA",PAY-000433,106.98
ORD-000434,CUST-00447,2025-04-05 00:00:00,Cancelled,"Toronto, ON, Canada",PAY-000434,355.11
ORD-000435,CUST-00165,2025-08-10 00:00:00,Processing,"Los Angeles, CA, USA",PAY-000435,513.42
ORD-000436,CUST-00112,2025-07-06 00:00:00,Completed,"New York, NY, USA",PAY-000436,404.17
ORD-000437,CUST-00210,2025-08-07 00:00:00,Cancelled,"Toronto, ON, Canada",PAY-000437,1344.18
ORD-000438,CUST-00432,2025-10-14 00:00:00,Processing,"Chicago, IL, USA",PAY-000438,14.99
ORD-000439,CUST-00185,2025-02-19 00:00:00,Processing,"Philadelphia, PA, USA",PAY-000439,674.45
ORD-000440,CUST-00362,2025-12-06 00:00:00,Completed,"Dallas, TX, USA",PAY-000440,1309.93
ORD-000441,CUST-00444,2025-08-22 00:00:00,Completed,"San Jose, CA, USA",PAY-000441,78.26
ORD-000442,CUST-00406,2025-03-15 00:00:00,Completed,"San Diego, CA, USA",PAY-000442,994.45
ORD-000443,CUST-00157,2025-02-04 00:00:00,Completed,"San Antonio, TX, USA",PAY-000443,405.44
ORD-000444,CUST-00291,2025-12-19 00:00:00,Cancelled,"Phoenix, AZ, USA",PAY-000444,1149.42
ORD-000445,CUST-00048,2025-04-28 00:00:00,Completed,"Houston, TX, USA",PAY-000445,375.95
ORD-000446,CUST-00233,2025-03-01 00:00:00,Completed,"Los Angeles, CA, USA",PAY-000446,44.98
ORD-000447,CUST-00275,2025-09-02 00:00:00,Completed,"London, ENG, UK",PAY-000447,119.99
ORD-000448,CUST-00419,2025-10-01 00:00:00,Completed,"Phoenix, AZ, USA",PAY-000448,532.94
ORD-000449,CUST-00236,2025-09-24 00:00:00,Processing,"Philadelphia, PA, USA",PAY-000449,21.84
ORD-000450,CUST-00359,2025-07-02 00:00:00,Completed,"Los Angeles, CA, USA",PAY-000450,284.96
ORD-000451,CUST-00358,2025-02-22 00:00:00,Completed,"London, ENG, UK",PAY-000451,72.71
ORD-000452,CUST-00189,2025-03-11 00:00:00,Cancelled,"New York, NY, USA",PAY-000452,143.98
ORD-000453,CUST-00085,2025-06-09 00:00:00,Completed,"London, ENG, UK",PAY-000453,139.99
ORD-000454,CUST-00176,2025-08-23 00:00:00,Cancelled,"London, ENG, UK",PAY-000454,127.98
ORD-000455,CUST-00344,2025-09-25 00:00:00,Completed,"New York, NY, USA",PAY-000455,417.45
ORD-000456,CUST-00079,2025-09-13 00:00:00,Completed,"London, ENG, UK",PAY-000456,184.98
ORD-000457,CUST-00027,2025-12-03 00:00:00,Completed,"Dallas, TX, USA",PAY-000457,899.98
ORD-000458,CUST-00103,2025-03-18 00:00:00,Completed,"Toronto, ON, Canada",PAY-000458,1631.93
ORD-000459,CUST-00479,2025-11-04 00:00:00,Completed,"Houston, TX, USA",PAY-000459,243.93
ORD-000460,CUST-00053,2025-11-01 00:00:00,Cancelled,"Toronto, ON, Canada",PAY-000460,320.19
ORD-000461,CUST-00171,2025-04-30 00:00:00,Shipped,"Dallas, TX, USA",PAY-000461,704.43
ORD-000462,CUST-00120,2025-02-10 00:00:00,Processing,"Philadelphia, PA, USA",PAY-000462,35.99
ORD-000463,CUST-00031,2025-04-11 00:00:00,Completed,"San Jose, CA, USA",PAY-000463,850.91
ORD-000464,CUST-00385,2025-02-12 00:00:00,Completed,"Dallas, TX, USA",PAY-000464,794.91
ORD-000465,CUST-00094,2025-09-14 00:00:00,Shipped,"Dallas, TX, USA",PAY-000465,559.98
ORD-000466,CUST-00325,2025-04-13 00:00:00,Completed,"Los Angeles, CA, USA",PAY-000466,233.96
ORD-000467,CUST-00370,2025-05-12 00:00:00,Completed,"Toronto, ON, Canada",PAY-000467,371.28
ORD-000468,CUST-00217,2025-10-16 00:00:00,Processing,"San Jose, CA, USA",PAY-000468,1228.26
ORD-000469,CUST-00238,2025-07-06 00:00:00,Completed,"San Jose, CA, USA",PAY-000469,335.04
ORD-000470,CUST-00474,2025-08-31 00:00:00,Completed,"Los Angeles, CA, USA",PAY-000470,499.93
ORD-000471,CUST-00395,2025-07-28 00:00:00,Processing,"Phoenix, AZ, USA",PAY-000471,348.93
ORD-000472,CUST-00134,2025-12-06 00:00:00,Completed,"San Diego, CA, USA",PAY-000472,410.94
ORD-000473,CUST-00266,2025-05-07 00:00:00,Completed,"New York, NY, USA",PAY-000473,275.19
ORD-000474,CUST-00056,2025-12-22 00:00:00,Processing,"Dallas, TX, USA",PAY-000474,106.2
ORD-000475,CUST-00050,2025-03-07 00:00:00,Cancelled,"Chicago, IL, USA",PAY-000475,658.21
ORD-000476,CUST-00250,2025-05-04 00:00:00,Processing,"Houston, TX, USA",PAY-000476,83.97
ORD-000477,CUST-00031,2025-05-04 00:00:00,Cancelled,"San Jose, CA, USA",PAY-000477,279.95
ORD-000478,CUST-00151,2025-03-15 00:00:00,Completed,"New York, NY, USA",PAY-000478,14.24
ORD-000479,CUST-00005,2025-03-03 00:00:00,Completed,"Phoenix, AZ, USA",PAY-000479,74.97
ORD-000480,CUST-00193,2025-12-05 00:00:00,Processing,"New York, NY, USA",PAY-000480,150.88
ORD-000481,CUST-00482,2025-08-03 00:00:00,Shipped,"Los Angeles, CA, USA",PAY-000481,1117.71
ORD-000482,CUST-00445,2025-10-29 00:00:00,Completed,"Houston, TX, USA",PAY-000482,353.94
ORD-000483,CUST-00448,2025-02-23 00:00:00,Cancelled,"Chicago, IL, USA",PAY-000483,163.93
ORD-000484,CUST-00338,2025-03-23 00:00:00,Shipped,"Dallas, TX, USA",PAY-000484,608.14
ORD-000485,CUST-00489,2025-03-31 00:00:00,Completed,"San Antonio, TX, USA",PAY-000485,184.96
ORD-000486,CUST-00393,2025-06-23 00:00:00,Completed,"New York, NY, USA",PAY-000486,254.91
ORD-000487,CUST-00330,2025-07-25 00:00:00,Completed,"Toronto, ON, Canada",PAY-000487,336.94
ORD-000488,CUST-00296,2025-01-31 00:00:00,Completed,"Toronto, ON, Canada",PAY-000488,269.97
ORD-000489,CUST-00395,2025-08-05 00:00:00,Cancelled,"Phoenix, AZ, USA",PAY-000489,109.46
ORD-000490,CUST-00276,2025-09-23 00:00:00,Completed,"London, ENG, UK",PAY-000490,149.96
ORD-000491,CUST-00159,2025-10-15 00:00:00,Shipped,"San Antonio, TX, USA",PAY-000491,40.47
ORD-000492,CUST-00150,2025-08-11 00:00:00,Completed,"Houston, TX, USA",PAY-000492,379.43
ORD-000493,CUST-00281,2025-08-19 00:00:00,Completed,"San Diego, CA, USA",PAY-000493,814.91
ORD-000494,CUST-00336,2025-04-24 00:00:00,Processing,"Toronto, ON, Canada",PAY-000494,123.17
ORD-000495,CUST-00377,2025-02-04 00:00:00,Completed,"Philadelphia, PA, USA",PAY-000495,17.99
ORD-000496,CUST-00475,2025-02-28 00:00:00,Completed,"Phoenix, AZ, USA",PAY-000496,127.22
ORD-000497,CUST-00335,2025-08-11 00:00:00,Cancelled,"San Jose, CA, USA",PAY-000497,809.98
ORD-000498,CUST-00324,2025-09-15 00:00:00,Completed,"San Jose, CA, USA",PAY-000498,29.99
ORD-000499,CUST-00012,2025-11-27 00:00:00,Processing,"Chicago, IL, USA",PAY-000499,333.0
ORD-000500,CUST-00033,2025-11-02 00:00:00,Completed,"Los Angeles, CA, USA",PAY-000500,681.92
ORD-000501,CUST-00045,2025-11-14 00:00:00,Completed,"San Diego, CA, USA",PAY-000501,56.99
ORD-000502,CUST-00217,2025-01-31 00:00:00,Completed,"San Jose, CA, USA",PAY-000502,398.03
ORD-000503,CUST-00019,2025-05-07 00:00:00,Completed,"Dallas, TX, USA",PAY-000503,240.93
ORD-000504,CUST-00333,2025-04-24 00:00:00,Completed,"Los Angeles, CA, USA",PAY-000504,406.65
ORD-000505,CUST-00404,2025-09-10 00:00:00,Completed,"Philadelphia, PA, USA",PAY-000505,32.99
ORD-000506,CUST-00351,2025-11-07 00:00:00,Completed,"Dallas, TX, USA",PAY-000506,449.97
ORD-000507,CUST-00075,2025-05-26 00:00:00,Completed,"Phoenix, AZ, USA",PAY-000507,99.98
ORD-000508,CUST-00090,2025-10-27 00:00:00,Shipped,"Chicago, IL, USA",PAY-000508,455.91
ORD-000509,CUST-00460,2025-02-24 00:00:00,Completed,"San Antonio, TX, USA",PAY-000509,324.54
ORD-000510,CUST-00028,2025-12-24 00:00:00,Completed,"Los Angeles, CA, USA",PAY-000510,95.36
ORD-000511,CUST-00267,2025-05-28 00:00:00,Completed,"Los Angeles, CA, USA",PAY-000511,75.98
ORD-000512,CUST-00374,2025-06-02 00:00:00,Completed,"Philadelphia, PA, USA",PAY-000512,98.02
ORD-000513,CUST-00246,2025-10-12 00:00:00,Processing,"San Antonio, TX, USA",PAY-000513,39.99
ORD-000514,CUST-00360,2025-10-31 00:00:00,Shipped,"San Antonio, TX, USA",PAY-000514,327.03
ORD-000515,CUST-00188,2025-04-09 00:00:00,Processing,"Houston, TX, USA",PAY-000515,189.94
ORD-000516,CUST-00149,2025-07-03 00:00:00,Completed,"Houston, TX, USA",PAY-000516,785.42
ORD-000517,CUST-00182,2025-03-26 00:00:00,Completed,"Houston, TX, USA",PAY-000517,275.93
ORD-000518,CUST-00080,2025-06-08 00:00:00,Completed,"Dallas, TX, USA",PAY-000518,324.94
ORD-000519,CUST-00216,2025-07-19 00:00:00,Completed,"Chicago, IL, USA",PAY-000519,281.46
ORD-000520,CUST-00385,2025-08-23 00:00:00,Processing,"Dallas, TX, USA",PAY-000520,577.43
ORD-000521,CUST-00223,2025-10-03 00:00:00,Completed,"Houston, TX, USA",PAY-000521,236.09
ORD-000522,CUST-00102,2025-09-30 00:00:00,Shipped,"Philadelphia, PA, USA",PAY-000522,209.97
ORD-000523,CUST-00118,2025-04-02 00:00:00,Completed,"San Antonio, TX, USA",PAY-000523,610.43
ORD-000524,CUST-00262,2025-09-06 00:00:00,Shipped,"Chicago, IL, USA",PAY-000524,37.99
ORD-000525,CUST-00483,2025-07-29 00:00:00,Shipped,"San Diego, CA, USA",PAY-000525,516.95
ORD-000526,CUST-00221,2025-05-05 00:00:00,Completed,"New York, NY, USA",PAY-000526,378.44
ORD-000527,CUST-00067,2025-12-19 00:00:00,Shipped,"New York, NY, USA",PAY-000527,269.97
ORD-000528,CUST-00474,2025-03-22 00:00:00,Completed,"Los Angeles, CA, USA",PAY-000528,190.98
ORD-000529,CUST-00467,2025-09-11 00:00:00,Completed,"Philadelphia, PA, USA",PAY-000529,944.98
ORD-000530,CUST-00085,2025-09-12 00:00:00,Cancelled,"London, ENG, UK",PAY-000530,755.47
ORD-000531,CUST-00451,2025-10-20 00:00:00,Completed,"Chicago, IL, USA",PAY-000531,193.95
ORD-000532,CUST-00139,2025-02-26 00:00:00,Shipped,"Chicago, IL, USA",PAY-000532,205.96
ORD-000533,CUST-00167,2025-03-14 00:00:00,Shipped,"San Diego, CA, USA",PAY-000533,271.22
ORD-000534,CUST-00375,2025-06-23 00:00:00,Completed,"San Antonio, TX, USA",PAY-000534,1261.92
ORD-000535,CUST-00138,2025-05-15 00:00:00,Processing,"San Jose, CA, USA",PAY-000535,273.41
ORD-000536,CUST-00418,2025-05-01 00:00:00,Completed,"Dallas, TX, USA",PAY-000536,361.05
ORD-000537,CUST-00371,2025-10-27 00:00:00,Completed,"San Jose, CA, USA",PAY-000537,29.69
ORD-000538,CUST-00391,2025-12-26 00:00:00,Completed,"San Jose, CA, USA",PAY-000538,1425.96
ORD-000539,CUST-00278,2025-07-23 00:00:00,Cancelled,"San Antonio, TX, USA",PAY-000539,116.99
ORD-000540,CUST-00418,2025-04-24 00:00:00,Completed,"Dallas, TX, USA",PAY-000540,154.22
ORD-000541,CUST-00001,2025-05-25 00:00:00,Completed,"New York, NY, USA",PAY-000541,141.23
ORD-000542,CUST-00087,2025-03-28 00:00:00,Completed,"Phoenix, AZ, USA",PAY-000542,99.98
ORD-000543,CUST-00473,2025-03-15 00:00:00,Completed,"San Antonio, TX, USA",PAY-000543,265.44
ORD-000544,CUST-00179,2025-03-25 00:00:00,Completed,"Los Angeles, CA, USA",PAY-000544,541.94
ORD-000545,CUST-00075,2025-03-18 00:00:00,Completed,"Phoenix, AZ, USA",PAY-000545,923.96
ORD-000546,CUST-00071,2025-06-05 00:00:00,Completed,"Los Angeles, CA, USA",PAY-000546,223.92
ORD-000547,CUST-00467,2025-07-28 00:00:00,Completed,"Philadelphia, PA, USA",PAY-000547,184.98
ORD-000548,CUST-00194,2025-02-13 00:00:00,Shipped,"London, ENG, UK",PAY-000548,549.92
ORD-000549,CUST-00040,2025-02-06 00:00:00,Processing,"London, ENG, UK",PAY-000549,391.09
ORD-000550,CUST-00147,2025-03-28 00:00:00,Completed,"Toronto, ON, Canada",PAY-000550,189.99
ORD-000551,CUST-00427,2025-09-04 00:00:00,Shipped,"New York, NY, USA",PAY-000551,683.45
ORD-000552,CUST-00487,2025-04-05 00:00:00,Shipped,"Chicago, IL, USA",PAY-000552,83.97
ORD-000553,CUST-00419,2025-09-27 00:00:00,Completed,"Phoenix, AZ, USA",PAY-000553,417.95
ORD-000554,CUST-00145,2025-04-24 00:00:00,Processing,"Phoenix, AZ, USA",PAY-000554,279.99
ORD-000555,CUST-00283,2025-05-14 00:00:00,Shipped,"San Jose, CA, USA",PAY-000555,159.98
ORD-000556,CUST-00289,2025-10-05 00:00:00,Completed,"Chicago, IL, USA",PAY-000556,284.99
ORD-000557,CUST-00162,2025-08-19 00:00:00,Shipped,"San Diego, CA, USA",PAY-000557,233.19
ORD-000558,CUST-00245,2025-11-27 00:00:00,Cancelled,"San Jose, CA, USA",PAY-000558,49.99
ORD-000559,CUST-00041,2025-12-17 00:00:00,Completed,"Philadelphia, PA, USA",PAY-000559,123.96
ORD-000560,CUST-00149,2025-08-03 00:00:00,Processing,"Houston, TX, USA",PAY-000560,754.95
ORD-000561,CUST-00281,2025-03-16 00:00:00,Completed,"San Diego, CA, USA",PAY-000561,279.98
ORD-000562,CUST-00144,2025-11-22 00:00:00,Completed,"New York, NY, USA",PAY-000562,813.93
ORD-000563,CUST-00021,2025-08-05 00:00:00,Cancelled,"Los Angeles, CA, USA",PAY-000563,277.62
ORD-000564,CUST-00043,2025-08-30 00:00:00,Processing,"Houston, TX, USA",PAY-000564,546.9
ORD-000565,CUST-00082,2025-11-18 00:00:00,Completed,"San Antonio, TX, USA",PAY-000565,53.98
ORD-000566,CUST-00240,2025-12-25 00:00:00,Processing,"Phoenix, AZ, USA",PAY-000566,296.04
ORD-000567,CUST-00109,2025-10-01 00:00:00,Completed,"San Antonio, TX, USA",PAY-000567,373.45
ORD-000568,CUST-00110,2025-02-27 00:00:00,Completed,"New York, NY, USA",PAY-000568,45.87
ORD-000569,CUST-00073,2025-03-07 00:00:00,Completed,"London, ENG, UK",PAY-000569,390.93
ORD-000570,CUST-00244,2025-11-01 00:00:00,Shipped,"Philadelphia, PA, USA",PAY-000570,160.97
ORD-000571,CUST-00166,2025-07-12 00:00:00,Completed,"New York, NY, USA",PAY-000571,387.45
ORD-000572,CUST-00483,2025-04-05 00:00:00,Shipped,"San Diego, CA, USA",PAY-000572,430.43
ORD-000573,CUST-00498,2025-11-22 00:00:00,Completed,"New York, NY, USA",PAY-000573,1220.93
ORD-000574,CUST-00059,2025-05-01 00:00:00,Completed,"Chicago, IL, USA",PAY-000574,353.92
ORD-000575,CUST-00054,2025-10-12 00:00:00,Shipped,"London, ENG, UK",PAY-000575,59.98
ORD-000576,CUST-00109,2025-05-25 00:00:00,Cancelled,"San Antonio, TX, USA",PAY-000576,439.43
ORD-000577,CUST-00260,2025-06-25 00:00:00,Completed,"Toronto, ON, Canada",PAY-000577,196.94
ORD-000578,CUST-00124,2025-11-11 00:00:00,Completed,"London, ENG, UK",PAY-000578,556.95
ORD-000579,CUST-00207,2025-07-12 00:00:00,Processing,"Toronto, ON, Canada",PAY-000579,124.96
ORD-000580,CUST-00432,2025-12-18 00:00:00,Completed,"Chicago, IL, USA",PAY-000580,334.98
ORD-000581,CUST-00233,2025-12-21 00:00:00,Shipped,"Los Angeles, CA, USA",PAY-000581,649.95
ORD-000582,CUST-00141,2025-03-14 00:00:00,Completed,"San Jose, CA, USA",PAY-000582,89.97
ORD-000583,CUST-00055,2025-04-13 00:00:00,Completed,"New York, NY, USA",PAY-000583,419.96
ORD-000584,CUST-00193,2025-07-10 00:00:00,Shipped,"New York, NY, USA",PAY-000584,753.93
ORD-000585,CUST-00475,2025-04-03 00:00:00,Completed,"Phoenix, AZ, USA",PAY-000585,59.99
ORD-000586,CUST-00461,2025-05-22 00:00:00,Completed,"Toronto, ON, Canada",PAY-000586,278.93
ORD-000587,CUST-00263,2025-08-23 00:00:00,Completed,"San Diego, CA, USA",PAY-000587,312.45
ORD-000588,CUST-00306,2025-06-19 00:00:00,Cancelled,"Philadelphia, PA, USA",PAY-000588,153.05
ORD-000589,CUST-00086,2025-02-17 00:00:00,Processing,"Phoenix, AZ, USA",PAY-000589,406.44
ORD-000590,CUST-00405,2025-05-06 00:00:00,Completed,"Chicago, IL, USA",PAY-000590,867.95
ORD-000591,CUST-00239,2025-11-17 00:00:00,Cancelled,"Toronto, ON, Canada",PAY-000591,965.92
ORD-000592,CUST-00288,2025-06-22 00:00:00,Shipped,"Dallas, TX, USA",PAY-000592,51.27
ORD-000593,CUST-00417,2025-07-13 00:00:00,Completed,"San Antonio, TX, USA",PAY-000593,119.96
ORD-000594,CUST-00303,2025-08-15 00:00:00,Completed,"Chicago, IL, USA",PAY-000594,49.99
ORD-000595,CUST-00431,2025-08-25 00:00:00,Completed,"San Diego, CA, USA",PAY-000595,449.97
ORD-000596,CUST-00163,2025-07-27 00:00:00,Completed,"San Jose, CA, USA",PAY-000596,41.38
ORD-000597,CUST-00357,2025-09-20 00:00:00,Completed,"Philadelphia, PA, USA",PAY-000597,299.97
ORD-000598,CUST-00166,2025-09-11 00:00:00,Completed,"New York, NY, USA",PAY-000598,560.94
ORD-000599,CUST-00453,2025-02-22 00:00:00,Completed,"Dallas, TX, USA",PAY-000599,37.99
ORD-000600,CUST-00139,2025-04-28 00:00:00,Completed,"Chicago, IL, USA",PAY-000600,541.41
ORD-000601,CUST-00048,2025-06-15 00:00:00,Cancelled,"Houston, TX, USA",PAY-000601,1379.91
ORD-000602,CUST-00498,2025-10-11 00:00:00,Completed,"New York, NY, USA",PAY-000602,202.48
ORD-000603,CUST-00390,2025-07-09 00:00:00,Shipped,"Phoenix, AZ, USA",PAY-000603,530.93
ORD-000604,CUST-00217,2025-04-25 00:00:00,Shipped,"San Jose, CA, USA",PAY-000604,257.07
ORD-000605,CUST-00137,2025-02-14 00:00:00,Completed,"Phoenix, AZ, USA",PAY-000605,404.44
ORD-000606,CUST-00151,2025-05-07 00:00:00,Completed,"New York, NY, USA",PAY-000606,104.06
ORD-000607,CUST-00059,2025-02-27 00:00:00,Completed,"Chicago, IL, USA",PAY-000607,891.95
ORD-000608,CUST-00106,2025-04-28 00:00:00,Cancelled,"Dallas, TX, USA",PAY-000608,564.95
ORD-000609,CUST-00095,2025-10-15 00:00:00,Shipped,"San Diego, CA, USA",PAY-000609,355.78
ORD-000610,CUST-00342,2025-09-30 00:00:00,Completed,"Phoenix, AZ, USA",PAY-000610,601.95
ORD-000611,CUST-00057,2025-02-23 00:00:00,Cancelled,"Philadelphia, PA, USA",PAY-000611,54.12
ORD-000612,CUST-00269,2025-10-15 00:00:00,Completed,"San Diego, CA, USA",PAY-000612,517.47
ORD-000613,CUST-00340,2025-10-07 00:00:00,Completed,"Chicago, IL, USA",PAY-000613,1555.92
ORD-000614,CUST-00338,2025-04-13 00:00:00,Completed,"Dallas, TX, USA",PAY-000614,1284.99
ORD-000615,CUST-00136,2025-07-28 00:00:00,Completed,"Dallas, TX, USA",PAY-000615,359.92
ORD-000616,CUST-00475,2025-04-16 00:00:00,Completed,"Phoenix, AZ, USA",PAY-000616,186.95
ORD-000617,CUST-00021,2025-05-22 00:00:00,Completed,"Los Angeles, CA, USA",PAY-000617,75.98
ORD-000618,CUST-00071,2025-07-29 00:00:00,Completed,"Los Angeles, CA, USA",PAY-000618,254.97
ORD-000619,CUST-00113,2025-02-16 00:00:00,Completed,"London, ENG, UK",PAY-000619,248.44
ORD-000620,CUST-00412,2025-11-23 00:00:00,Completed,"London, ENG, UK",PAY-000620,163.22
ORD-000621,CUST-00193,2025-09-11 00:00:00,Completed,"New York, NY, USA",PAY-000621,162.39
ORD-000622,CUST-00216,2025-08-29 00:00:00,Completed,"Chicago, IL, USA",PAY-000622,20.69
ORD-000623,CUST-00403,2025-06-04 00:00:00,Processing,"Chicago, IL, USA",PAY-000623,173.5
ORD-000624,CUST-00414,2025-10-23 00:00:00,Completed,"Toronto, ON, Canada",PAY-000624,56.99
ORD-000625,CUST-00305,2025-03-21 00:00:00,Cancelled,"London, ENG, UK",PAY-000625,282.94
ORD-000626,CUST-00288,2025-10-11 00:00:00,Completed,"Dallas, TX, USA",PAY-000626,108.96
ORD-000627,CUST-00059,2025-03-06 00:00:00,Completed,"Chicago, IL, USA",PAY-000627,125.96
ORD-000628,CUST-00475,2025-04-03 00:00:00,Completed,"Phoenix, AZ, USA",PAY-000628,662.89
ORD-000629,CUST-00244,2025-10-03 00:00:00,Completed,"Philadelphia, PA, USA",PAY-000629,218.45
ORD-000630,CUST-00015,2025-06-25 00:00:00,Completed,"Toronto, ON, Canada",PAY-000630,37.98
ORD-000631,CUST-00022,2025-07-31 00:00:00,Completed,"San Antonio, TX, USA",PAY-000631,677.52
ORD-000632,CUST-00236,2025-04-12 00:00:00,Completed,"Philadelphia, PA, USA",PAY-000632,1453.42
ORD-000633,CUST-00300,2025-12-13 00:00:00,Cancelled,"San Jose, CA, USA",PAY-000633,1035.94
ORD-000634,CUST-00054,2025-04-30 00:00:00,Shipped,"London, ENG, UK",PAY-000634,1014.36
ORD-000635,CUST-00473,2025-04-30 00:00:00,Completed,"San Antonio, TX, USA",PAY-000635,125.98
ORD-000636,CUST-00101,2025-06-09 00:00:00,Completed,"San Antonio, TX, USA",PAY-000636,369.92
ORD-000637,CUST-00175,2025-05-05 00:00:00,Shipped,"New York, NY, USA",PAY-000637,520.52
ORD-000638,CUST-00066,2025-10-22 00:00:00,Completed,"Chicago, IL, USA",PAY-000638,59.98
ORD-000639,CUST-00421,2025-06-28 00:00:00,Cancelled,"Los Angeles, CA, USA",PAY-000639,1169.94
ORD-000640,CUST-00205,2025-12-13 00:00:00,Completed,"Los Angeles, CA, USA",PAY-000640,170.98
ORD-000641,CUST-00216,2025-06-13 00:00:00,Completed,"Chicago, IL, USA",PAY-000641,171.1
ORD-000642,CUST-00307,2025-12-10 00:00:00,Completed,"London, ENG, UK",PAY-000642,166.2
ORD-000643,CUST-00027,2025-08-17 00:00:00,Cancelled,"Dallas, TX, USA",PAY-000643,285.67
ORD-000644,CUST-00224,2025-03-01 00:00:00,Completed,"New York, NY, USA",PAY-000644,329.96
ORD-000645,CUST-00417,2025-03-01 00:00:00,Completed,"San Antonio, TX, USA",PAY-000645,69.98
ORD-000646,CUST-00309,2025-06-05 00:00:00,Completed,"London, ENG, UK",PAY-000646,103.97
ORD-000647,CUST-00362,2025-08-01 00:00:00,Cancelled,"Dallas, TX, USA",PAY-000647,480.65
ORD-000648,CUST-00270,2025-06-16 00:00:00,Completed,"Philadelphia, PA, USA",PAY-000648,71.98
ORD-000649,CUST-00144,2025-03-12 00:00:00,Completed,"New York, NY, USA",PAY-000649,147.95
ORD-000650,CUST-00011,2025-10-13 00:00:00,Cancelled,"Los Angeles, CA, USA",PAY-000650,26.98
ORD-000651,CUST-00424,2025-03-15 00:00:00,Completed,"Houston, TX, USA",PAY-000651,157.77
ORD-000652,CUST-00278,2025-07-28 00:00:00,Completed,"San Antonio, TX, USA",PAY-000652,380.83
ORD-000653,CUST-00488,2025-06-27 00:00:00,Cancelled,"London, ENG, UK",PAY-000653,602.78
ORD-000654,CUST-00410,2025-06-20 00:00:00,Completed,"San Diego, CA, USA",PAY-000654,911.97
ORD-000655,CUST-00064,2025-07-07 00:00:00,Processing,"Dallas, TX, USA",PAY-000655,305.94
ORD-000656,CUST-00327,2025-11-11 00:00:00,Completed,"Chicago, IL, USA",PAY-000656,422.92
ORD-000657,CUST-00120,2025-03-30 00:00:00,Shipped,"Philadelphia, PA, USA",PAY-000657,161.97
ORD-000658,CUST-00022,2025-11-10 00:00:00,Shipped,"San Antonio, TX, USA",PAY-000658,218.47
ORD-000659,CUST-00308,2025-05-31 00:00:00,Completed,"Dallas, TX, USA",PAY-000659,755.97
ORD-000660,CUST-00105,2025-07-16 00:00:00,Processing,"London, ENG, UK",PAY-000660,419.94
ORD-000661,CUST-00172,2025-08-27 00:00:00,Shipped,"San Jose, CA, USA",PAY-000661,178.95
ORD-000662,CUST-00055,2025-12-08 00:00:00,Completed,"New York, NY, USA",PAY-000662,932.94
ORD-000663,CUST-00491,2025-05-25 00:00:00,Processing,"San Diego, CA, USA",PAY-000663,187.08
ORD-000664,CUST-00125,2025-08-04 00:00:00,Completed,"Chicago, IL, USA",PAY-000664,493.63
ORD-000665,CUST-00398,2025-08-27 00:00:00,Shipped,"San Antonio, TX, USA",PAY-000665,192.66
ORD-000666,CUST-00216,2025-10-16 00:00:00,Completed,"Chicago, IL, USA",PAY-000666,1325.92
ORD-000667,CUST-00038,2025-04-08 00:00:00,Processing,"San Antonio, TX, USA",PAY-000667,930.66
ORD-000668,CUST-00379,2025-07-31 00:00:00,Completed,"Phoenix, AZ, USA",PAY-000668,240.16
ORD-000669,CUST-00165,2025-09-12 00:00:00,Completed,"Los Angeles, CA, USA",PAY-000669,1001.93
ORD-000670,CUST-00417,2025-05-18 00:00:00,Completed,"San Antonio, TX, USA",PAY-000670,638.91
ORD-000671,CUST-00311,2025-03-26 00:00:00,Completed,"Philadelphia, PA, USA",PAY-000671,213.2
ORD-000672,CUST-00375,2025-09-15 00:00:00,Processing,"San Antonio, TX, USA",PAY-000672,229.97
ORD-000673,CUST-00045,2025-04-11 00:00:00,Completed,"San Diego, CA, USA",PAY-000673,249.99
ORD-000674,CUST-00260,2025-07-21 00:00:00,Completed,"Toronto, ON, Canada",PAY-000674,337.12
ORD-000675,CUST-00071,2025-11-27 00:00:00,Completed,"Los Angeles, CA, USA",PAY-000675,152.97
ORD-000676,CUST-00487,2025-10-22 00:00:00,Cancelled,"Chicago, IL, USA",PAY-000676,284.96
ORD-000677,CUST-00020,2025-09-02 00:00:00,Shipped,"Philadelphia, PA, USA",PAY-000677,467.92
ORD-000678,CUST-00449,2025-06-29 00:00:00,Shipped,"New York, NY, USA",PAY-000678,195.33
ORD-000679,CUST-00127,2025-09-05 00:00:00,Completed,"Los Angeles, CA, USA",PAY-000679,1019.95
ORD-000680,CUST-00308,2025-08-29 00:00:00,Shipped,"Dallas, TX, USA",PAY-000680,799.96
ORD-000681,CUST-00134,2025-07-12 00:00:00,Completed,"San Diego, CA, USA",PAY-000681,162.81
ORD-000682,CUST-00067,2025-12-06 00:00:00,Processing,"New York, NY, USA",PAY-000682,16.19
ORD-000683,CUST-00468,2025-07-30 00:00:00,Cancelled,"Philadelphia, PA, USA",PAY-000683,189.99
ORD-000684,CUST-00275,2025-05-12 00:00:00,Completed,"London, ENG, UK",PAY-000684,499.91
ORD-000685,CUST-00081,2025-06-24 00:00:00,Completed,"Phoenix, AZ, USA",PAY-000685,89.97
ORD-000686,CUST-00068,2025-06-18 00:00:00,Cancelled,"Philadelphia, PA, USA",PAY-000686,251.99
ORD-000687,CUST-00008,2025-11-04 00:00:00,Processing,"San Diego, CA, USA",PAY-000687,156.81
ORD-000688,CUST-00263,2025-02-11 00:00:00,Completed,"San Diego, CA, USA",PAY-000688,606.94
ORD-000689,CUST-00196,2025-02-08 00:00:00,Completed,"London, ENG, UK",PAY-000689,361.75
ORD-000690,CUST-00288,2025-04-27 00:00:00,Completed,"Dallas, TX, USA",PAY-000690,560.92
ORD-000691,CUST-00447,2025-02-02 00:00:00,Completed,"Toronto, ON, Canada",PAY-000691,99.55
ORD-000692,CUST-00472,2025-03-25 00:00:00,Completed,"Phoenix, AZ, USA",PAY-000692,119.99
ORD-000693,CUST-00102,2025-09-12 00:00:00,Cancelled,"Philadelphia, PA, USA",PAY-000693,161.98
ORD-000694,CUST-00321,2025-10-26 00:00:00,Completed,"San Antonio, TX, USA",PAY-000694,85.06
ORD-000695,CUST-00289,2025-04-25 00:00:00,Completed,"Chicago, IL, USA",PAY-000695,188.58
ORD-000696,CUST-00163,2025-09-01 00:00:00,Completed,"San Jose, CA, USA",PAY-000696,313.23
ORD-000697,CUST-00032,2025-12-16 00:00:00,Completed,"San Antonio, TX, USA",PAY-000697,1089.96
ORD-000698,CUST-00189,2025-12-16 00:00:00,Cancelled,"New York, NY, USA",PAY-000698,657.93
ORD-000699,CUST-00289,2025-03-24 00:00:00,Completed,"Chicago, IL, USA",PAY-000699,1018.72
ORD-000700,CUST-00166,2025-03-11 00:00:00,Completed,"New York, NY, USA",PAY-000700,227.95
ORD-000701,CUST-00397,2025-08-16 00:00:00,Shipped,"Philadelphia, PA, USA",PAY-000701,1797.45
ORD-000702,CUST-00251,2025-06-08 00:00:00,Shipped,"New York, NY, USA",PAY-000702,43.68
ORD-000703,CUST-00444,2025-08-06 00:00:00,Cancelled,"San Jose, CA, USA",PAY-000703,1467.92
ORD-000704,CUST-00227,2025-08-03 00:00:00,Processing,"London, ENG, UK",PAY-000704,465.47
ORD-000705,CUST-00311,2025-06-19 00:00:00,Completed,"Philadelphia, PA, USA",PAY-000705,287.46
ORD-000706,CUST-00020,2025-08-08 00:00:00,Completed,"Philadelphia, PA, USA",PAY-000706,172.98
ORD-000707,CUST-00050,2025-11-05 00:00:00,Completed,"Chicago, IL, USA",PAY-000707,632.64
ORD-000708,CUST-00265,2025-02-07 00:00:00,Shipped,"New York, NY, USA",PAY-000708,721.18
ORD-000709,CUST-00353,2025-10-16 00:00:00,Completed,"Phoenix, AZ, USA",PAY-000709,74.47
ORD-000710,CUST-00290,2025-09-25 00:00:00,Completed,"Los Angeles, CA, USA",PAY-000710,59.99
ORD-000711,CUST-00393,2025-04-27 00:00:00,Cancelled,"New York, NY, USA",PAY-000711,99.72
ORD-000712,CUST-00042,2025-06-06 00:00:00,Completed,"San Diego, CA, USA",PAY-000712,101.25
ORD-000713,CUST-00212,2025-05-26 00:00:00,Cancelled,"Philadelphia, PA, USA",PAY-000713,248.22
ORD-000714,CUST-00048,2025-10-08 00:00:00,Completed,"Houston, TX, USA",PAY-000714,2214.93
ORD-000715,CUST-00331,2025-06-27 00:00:00,Completed,"Toronto, ON, Canada",PAY-000715,321.44
ORD-000716,CUST-00244,2025-04-12 00:00:00,Completed,"Philadelphia, PA, USA",PAY-000716,438.0
ORD-000717,CUST-00332,2025-03-23 00:00:00,Completed,"Toronto, ON, Canada",PAY-000717,542.92
ORD-000718,CUST-00130,2025-08-10 00:00:00,Processing,"San Jose, CA, USA",PAY-000718,161.95
ORD-000719,CUST-00304,2025-02-14 00:00:00,Completed,"Dallas, TX, USA",PAY-000719,218.94
ORD-000720,CUST-00497,2025-03-18 00:00:00,Completed,"London, ENG, UK",PAY-000720,919.95
ORD-000721,CUST-00158,2025-03-13 00:00:00,Completed,"San Antonio, TX, USA",PAY-000721,134.71
ORD-000722,CUST-00282,2025-08-20 00:00:00,Shipped,"Phoenix, AZ, USA",PAY-000722,137.95
ORD-000723,CUST-00066,2025-07-12 00:00:00,Cancelled,"Chicago, IL, USA",PAY-000723,1290.95
ORD-000724,CUST-00274,2025-03-08 00:00:00,Completed,"Dallas, TX, USA",PAY-000724,1199.63
ORD-000725,CUST-00109,2025-07-04 00:00:00,Completed,"San Antonio, TX, USA",PAY-000725,299.98
ORD-000726,CUST-00199,2025-10-04 00:00:00,Completed,"San Antonio, TX, USA",PAY-000726,179.46
ORD-000727,CUST-00164,2025-04-06 00:00:00,Processing,"Dallas, TX, USA",PAY-000727,733.91
ORD-000728,CUST-00258,2025-08-09 00:00:00,Cancelled,"San Antonio, TX, USA",PAY-000728,699.93
ORD-000729,CUST-00486,2025-11-29 00:00:00,Completed,"Chicago, IL, USA",PAY-000729,257.75
ORD-000730,CUST-00456,2025-12-03 00:00:00,Shipped,"Chicago, IL, USA",PAY-000730,360.95
ORD-000731,CUST-00009,2025-09-16 00:00:00,Completed,"Phoenix, AZ, USA",PAY-000731,304.45
ORD-000732,CUST-00221,2025-06-20 00:00:00,Completed,"New York, NY, USA",PAY-000732,504.9
ORD-000733,CUST-00206,2025-02-11 00:00:00,Completed,"Dallas, TX, USA",PAY-000733,265.65
ORD-000734,CUST-00294,2025-09-30 00:00:00,Completed,"Houston, TX, USA",PAY-000734,1134.38
ORD-000735,CUST-00237,2025-12-03 00:00:00,Cancelled,"Houston, TX, USA",PAY-000735,1169.93
ORD-000736,CUST-00302,2025-09-03 00:00:00,Shipped,"New York, NY, USA",PAY-000736,474.43
ORD-000737,CUST-00237,2025-10-13 00:00:00,Completed,"Houston, TX, USA",PAY-000737,359.95
ORD-000738,CUST-00107,2025-10-29 00:00:00,Completed,"San Antonio, TX, USA",PAY-000738,738.38
ORD-000739,CUST-00121,2025-08-11 00:00:00,Processing,"Toronto, ON, Canada",PAY-000739,185.97
ORD-000740,CUST-00293,2025-06-28 00:00:00,Completed,"Dallas, TX, USA",PAY-000740,830.67
ORD-000741,CUST-00395,2025-08-04 00:00:00,Shipped,"Phoenix, AZ, USA",PAY-000741,71.22
ORD-000742,CUST-00116,2025-08-25 00:00:00,Completed,"Houston, TX, USA",PAY-000742,309.42
ORD-000743,CUST-00071,2025-12-09 00:00:00,Processing,"Los Angeles, CA, USA",PAY-000743,89.07
ORD-000744,CUST-00313,2025-06-07 00:00:00,Completed,"Philadelphia, PA, USA",PAY-000744,1463.9
ORD-000745,CUST-00458,2025-02-15 00:00:00,Completed,"Houston, TX, USA",PAY-000745,578.91
ORD-000746,CUST-00442,2025-08-16 00:00:00,Completed,"Philadelphia, PA, USA",PAY-000746,845.89
ORD-000747,CUST-00075,2025-06-14 00:00:00,Cancelled,"Phoenix, AZ, USA",PAY-000747,17.09
ORD-000748,CUST-00337,2025-07-23 00:00:00,Completed,"Chicago, IL, USA",PAY-000748,174.95
ORD-000749,CUST-00388,2025-06-13 00:00:00,Completed,"Philadelphia, PA, USA",PAY-000749,359.44
ORD-000750,CUST-00484,2025-04-22 00:00:00,Processing,"Phoenix, AZ, USA",PAY-000750,276.3
ORD-000751,CUST-00327,2025-05-27 00:00:00,Completed,"Chicago, IL, USA",PAY-000751,197.96
ORD-000752,CUST-00330,2025-04-20 00:00:00,Processing,"Toronto, ON, Canada",PAY-000752,435.94
ORD-000753,CUST-00343,2025-03-05 00:00:00,Completed,"Chicago, IL, USA",PAY-000753,144.96
ORD-000754,CUST-00236,2025-11-18 00:00:00,Shipped,"Philadelphia, PA, USA",PAY-000754,68.97
ORD-000755,CUST-00341,2025-02-16 00:00:00,Completed,"Los Angeles, CA, USA",PAY-000755,449.97
ORD-000756,CUST-00497,2025-02-28 00:00:00,Completed,"London, ENG, UK",PAY-000756,434.94
ORD-000757,CUST-00021,2025-12-08 00:00:00,Completed,"Los Angeles, CA, USA",PAY-000757,552.78
ORD-000758,CUST-00164,2025-12-21 00:00:00,Completed,"Dallas, TX, USA",PAY-000758,99.97
ORD-000759,CUST-00298,2025-09-08 00:00:00,Cancelled,"Toronto, ON, Canada",PAY-000759,35.98
ORD-000760,CUST-00001,2025-06-08 00:00:00,Cancelled,"New York, NY, USA",PAY-000760,214.25
ORD-000761,CUST-00445,2025-10-30 00:00:00,Completed,"Houston, TX, USA",PAY-000761,104.09
ORD-000762,CUST-00390,2025-09-09 00:00:00,Shipped,"Phoenix, AZ, USA",PAY-000762,327.95
ORD-000763,CUST-00164,2025-10-29 00:00:00,Completed,"Dallas, TX, USA",PAY-000763,39.98
ORD-000764,CUST-00081,2025-05-09 00:00:00,Cancelled,"Phoenix, AZ, USA",PAY-000764,483.05
ORD-000765,CUST-00479,2025-07-05 00:00:00,Completed,"Houston, TX, USA",PAY-000765,383.95
ORD-000766,CUST-00391,2025-09-01 00:00:00,Completed,"San Jose, CA, USA",PAY-000766,1178.43
ORD-000767,CUST-00286,2025-11-13 00:00:00,Shipped,"Houston, TX, USA",PAY-000767,138.45
ORD-000768,CUST-00083,2025-07-16 00:00:00,Shipped,"New York, NY, USA",PAY-000768,567.75
ORD-000769,CUST-00029,2025-12-24 00:00:00,Completed,"San Jose, CA, USA",PAY-000769,495.52
ORD-000770,CUST-00294,2025-05-13 00:00:00,Processing,"Houston, TX, USA",PAY-000770,26.59
ORD-000771,CUST-00286,2025-10-29 00:00:00,Cancelled,"Houston, TX, USA",PAY-000771,801.44
ORD-000772,CUST-00165,2025-09-27 00:00:00,Completed,"Los Angeles, CA, USA",PAY-000772,1125.89
ORD-000773,CUST-00009,2025-11-16 00:00:00,Completed,"Phoenix, AZ, USA",PAY-000773,143.98
ORD-000774,CUST-00377,2025-03-10 00:00:00,Processing,"Philadelphia, PA, USA",PAY-000774,22.99
ORD-000775,CUST-00294,2025-09-27 00:00:00,Processing,"Houston, TX, USA",PAY-000775,549.85
ORD-000776,CUST-00334,2025-07-19 00:00:00,Completed,"Philadelphia, PA, USA",PAY-000776,393.25
ORD-000777,CUST-00004,2025-12-16 00:00:00,Cancelled,"Toronto, ON, Canada",PAY-000777,1995.4
ORD-000778,CUST-00395,2025-11-21 00:00:00,Completed,"Phoenix, AZ, USA",PAY-000778,579.98
ORD-000779,CUST-00277,2025-07-28 00:00:00,Completed,"London, ENG, UK",PAY-000779,380.71
ORD-000780,CUST-00228,2025-05-17 00:00:00,Completed,"Phoenix, AZ, USA",PAY-000780,50.38
ORD-000781,CUST-00048,2025-04-30 00:00:00,Processing,"Houston, TX, USA",PAY-000781,24.99
ORD-000782,CUST-00384,2025-07-12 00:00:00,Completed,"Phoenix, AZ, USA",PAY-000782,279.69
ORD-000783,CUST-00195,2025-09-03 00:00:00,Completed,"Philadelphia, PA, USA",PAY-000783,474.98
ORD-000784,CUST-00118,2025-03-15 00:00:00,Shipped,"San Antonio, TX, USA",PAY-000784,518.67
ORD-000785,CUST-00072,2025-09-28 00:00:00,Cancelled,"San Diego, CA, USA",PAY-000785,119.97
ORD-000786,CUST-00191,2025-12-13 00:00:00,Completed,"San Diego, CA, USA",PAY-000786,229.96
ORD-000787,CUST-00016,2025-10-12 00:00:00,Completed,"New York, NY, USA",PAY-000787,192.96
ORD-000788,CUST-00081,2025-03-23 00:00:00,Completed,"Phoenix, AZ, USA",PAY-000788,272.94
ORD-000789,CUST-00160,2025-10-01 00:00:00,Completed,"Dallas, TX, USA",PAY-000789,1074.66
ORD-000790,CUST-00413,2025-04-14 00:00:00,Completed,"Toronto, ON, Canada",PAY-000790,20.69
ORD-000791,CUST-00128,2025-05-26 00:00:00,Completed,"Toronto, ON, Canada",PAY-000791,81.66
ORD-000792,CUST-00217,2025-08-10 00:00:00,Shipped,"San Jose, CA, USA",PAY-000792,149.96
ORD-000793,CUST-00008,2025-04-14 00:00:00,Shipped,"San Diego, CA, USA",PAY-000793,71.99
ORD-000794,CUST-00293,2025-10-04 00:00:00,Completed,"Dallas, TX, USA",PAY-000794,309.0
ORD-000795,CUST-00173,2025-05-06 00:00:00,Completed,"San Diego, CA, USA",PAY-000795,963.93
ORD-000796,CUST-00117,2025-09-22 00:00:00,Cancelled,"London, ENG, UK",PAY-000796,85.47
ORD-000797,CUST-00448,2025-07-27 00:00:00,Completed,"Chicago, IL, USA",PAY-000797,356.42
ORD-000798,CUST-00410,2025-10-30 00:00:00,Completed,"San Diego, CA, USA",PAY-000798,153.46
ORD-000799,CUST-00432,2025-04-18 00:00:00,Processing,"Chicago, IL, USA",PAY-000799,426.41
ORD-000800,CUST-00039,2025-06-08 00:00:00,Shipped,"Philadelphia, PA, USA",PAY-000800,143.15
ORD-000801,CUST-00392,2025-06-04 00:00:00,Completed,"New York, NY, USA",PAY-000801,479.96
ORD-000802,CUST-00458,2025-08-24 00:00:00,Completed,"Houston, TX, USA",PAY-000802,61.23
ORD-000803,CUST-00396,2025-12-18 00:00:00,Processing,"San Diego, CA, USA",PAY-000803,211.73
ORD-000804,CUST-00058,2025-12-17 00:00:00,Completed,"Phoenix, AZ, USA",PAY-000804,812.41
ORD-000805,CUST-00030,2025-12-23 00:00:00,Completed,"Chicago, IL, USA",PAY-000805,138.24
ORD-000806,CUST-00303,2025-09-10 00:00:00,Shipped,"Chicago, IL, USA",PAY-000806,1454.94
ORD-000807,CUST-00295,2025-03-20 00:00:00,Completed,"Philadelphia, PA, USA",PAY-000807,539.94
ORD-000808,CUST-00294,2025-10-25 00:00:00,Completed,"Houston, TX, USA",PAY-000808,1082.92
ORD-000809,CUST-00420,2025-07-26 00:00:00,Completed,"San Diego, CA, USA",PAY-000809,94.01
ORD-000810,CUST-00286,2025-11-07 00:00:00,Shipped,"Houston, TX, USA",PAY-000810,158.24
ORD-000811,CUST-00163,2025-07-06 00:00:00,Completed,"San Jose, CA, USA",PAY-000811,56.98
ORD-000812,CUST-00104,2025-06-15 00:00:00,Cancelled,"San Antonio, TX, USA",PAY-000812,862.93
ORD-000813,CUST-00388,2025-11-13 00:00:00,Processing,"Philadelphia, PA, USA",PAY-000813,141.96
ORD-000814,CUST-00437,2025-06-14 00:00:00,Completed,"Phoenix, AZ, USA",PAY-000814,804.45
ORD-000815,CUST-00126,2025-11-07 00:00:00,Completed,"Phoenix, AZ, USA",PAY-000815,1097.95
ORD-000816,CUST-00430,2025-09-12 00:00:00,Completed,"San Diego, CA, USA",PAY-000816,248.95
ORD-000817,CUST-00221,2025-08-08 00:00:00,Completed,"New York, NY, USA",PAY-000817,656.97
ORD-000818,CUST-00050,2025-10-17 00:00:00,Shipped,"Chicago, IL, USA",PAY-000818,1150.91
ORD-000819,CUST-00255,2025-11-29 00:00:00,Completed,"San Antonio, TX, USA",PAY-000819,22.49
ORD-000820,CUST-00245,2025-04-16 00:00:00,Completed,"San Jose, CA, USA",PAY-000820,878.92
ORD-000821,CUST-00111,2025-09-19 00:00:00,Completed,"Los Angeles, CA, USA",PAY-000821,547.41
ORD-000822,CUST-00397,2025-03-08 00:00:00,Processing,"Philadelphia, PA, USA",PAY-000822,57.98
ORD-000823,CUST-00308,2025-05-02 00:00:00,Cancelled,"Dallas, TX, USA",PAY-000823,1079.96
ORD-000824,CUST-00485,2025-08-25 00:00:00,Processing,"Philadelphia, PA, USA",PAY-000824,331.95
ORD-000825,CUST-00047,2025-05-05 00:00:00,Completed,"San Antonio, TX, USA",PAY-000825,1358.42
ORD-000826,CUST-00197,2025-07-06 00:00:00,Completed,"New York, NY, USA",PAY-000826,1202.93
ORD-000827,CUST-00457,2025-09-13 00:00:00,Shipped,"San Antonio, TX, USA",PAY-000827,294.95
ORD-000828,CUST-00414,2025-07-09 00:00:00,Completed,"Toronto, ON, Canada",PAY-000828,749.97
ORD-000829,CUST-00255,2025-05-09 00:00:00,Processing,"San Antonio, TX, USA",PAY-000829,339.56
ORD-000830,CUST-00174,2025-06-06 00:00:00,Completed,"Houston, TX, USA",PAY-000830,131.96
ORD-000831,CUST-00467,2025-10-27 00:00:00,Processing,"Philadelphia, PA, USA",PAY-000831,617.73
ORD-000832,CUST-00194,2025-03-14 00:00:00,Completed,"London, ENG, UK",PAY-000832,18.99
ORD-000833,CUST-00157,2025-10-12 00:00:00,Cancelled,"San Antonio, TX, USA",PAY-000833,609.96
ORD-000834,CUST-00379,2025-02-24 00:00:00,Processing,"Phoenix, AZ, USA",PAY-000834,71.98
ORD-000835,CUST-00494,2025-11-02 00:00:00,Completed,"San Diego, CA, USA",PAY-000835,234.49
ORD-000836,CUST-00024,2025-08-14 00:00:00,Completed,"San Antonio, TX, USA",PAY-000836,49.99
ORD-000837,CUST-00200,2025-05-27 00:00:00,Completed,"Dallas, TX, USA",PAY-000837,507.96
ORD-000838,CUST-00432,2025-05-08 00:00:00,Cancelled,"Chicago, IL, USA",PAY-000838,435.14
ORD-000839,CUST-00082,2025-10-08 00:00:00,Completed,"San Antonio, TX, USA",PAY-000839,866.96
ORD-000840,CUST-00439,2025-11-18 00:00:00,Completed,"Dallas, TX, USA",PAY-000840,15.29
ORD-000841,CUST-00285,2025-10-12 00:00:00,Completed,"London, ENG, UK",PAY-000841,142.17
ORD-000842,CUST-00391,2025-03-06 00:00:00,Completed,"San Jose, CA, USA",PAY-000842,243.23
ORD-000843,CUST-00103,2025-12-26 00:00:00,Completed,"Toronto, ON, Canada",PAY-000843,342.7
ORD-000844,CUST-00074,2025-11-07 00:00:00,Completed,"Phoenix, AZ, USA",PAY-000844,89.97
ORD-000845,CUST-00317,2025-04-27 00:00:00,Shipped,"Philadelphia, PA, USA",PAY-000845,225.97
ORD-000846,CUST-00439,2025-05-25 00:00:00,Cancelled,"Dallas, TX, USA",PAY-000846,56.97
ORD-000847,CUST-00333,2025-10-01 00:00:00,Processing,"Los Angeles, CA, USA",PAY-000847,432.6
ORD-000848,CUST-00233,2025-11-01 00:00:00,Completed,"Los Angeles, CA, USA",PAY-000848,229.95
ORD-000849,CUST-00222,2025-07-03 00:00:00,Completed,"San Diego, CA, USA",PAY-000849,279.98
ORD-000850,CUST-00107,2025-08-26 00:00:00,Completed,"San Antonio, TX, USA",PAY-000850,758.49
ORD-000851,CUST-00461,2025-09-25 00:00:00,Processing,"Toronto, ON, Canada",PAY-000851,750.91
ORD-000852,CUST-00112,2025-07-22 00:00:00,Processing,"New York, NY, USA",PAY-000852,175.46
ORD-000853,CUST-00198,2025-11-17 00:00:00,Shipped,"Toronto, ON, Canada",PAY-000853,107.04
ORD-000854,CUST-00078,2025-08-29 00:00:00,Completed,"San Antonio, TX, USA",PAY-000854,272.08
ORD-000855,CUST-00381,2025-04-18 00:00:00,Completed,"Dallas, TX, USA",PAY-000855,825.94
ORD-000856,CUST-00213,2025-04-01 00:00:00,Processing,"Los Angeles, CA, USA",PAY-000856,240.16
ORD-000857,CUST-00451,2025-08-14 00:00:00,Completed,"Chicago, IL, USA",PAY-000857,1577.15
ORD-000858,CUST-00036,2025-05-01 00:00:00,Completed,"Philadelphia, PA, USA",PAY-000858,138.71
ORD-000859,CUST-00319,2025-11-29 00:00:00,Completed,"Philadelphia, PA, USA",PAY-000859,153.48
ORD-000860,CUST-00333,2025-06-02 00:00:00,Shipped,"Los Angeles, CA, USA",PAY-000860,285.33
ORD-000861,CUST-00067,2025-12-16 00:00:00,Completed,"New York, NY, USA",PAY-000861,79.98
ORD-000862,CUST-00019,2025-06-18 00:00:00,Shipped,"Dallas, TX, USA",PAY-000862,712.91
ORD-000863,CUST-00137,2025-03-14 00:00:00,Completed,"Phoenix, AZ, USA",PAY-000863,49.98
ORD-000864,CUST-00091,2025-08-10 00:00:00,Completed,"Chicago, IL, USA",PAY-000864,258.96
ORD-000865,CUST-00403,2025-03-26 00:00:00,Processing,"Chicago, IL, USA",PAY-000865,119.97
ORD-000866,CUST-00096,2025-03-18 00:00:00,Shipped,"London, ENG, UK",PAY-000866,399.98
ORD-000867,CUST-00368,2025-03-12 00:00:00,Completed,"Dallas, TX, USA",PAY-000867,507.93
ORD-000868,CUST-00041,2025-05-01 00:00:00,Completed,"Philadelphia, PA, USA",PAY-000868,142.96
ORD-000869,CUST-00308,2025-08-30 00:00:00,Processing,"Dallas, TX, USA",PAY-000869,360.17
ORD-000870,CUST-00034,2025-03-03 00:00:00,Completed,"San Jose, CA, USA",PAY-000870,690.5
ORD-000871,CUST-00184,2025-10-03 00:00:00,Completed,"Phoenix, AZ, USA",PAY-000871,712.92
ORD-000872,CUST-00079,2025-04-13 00:00:00,Shipped,"London, ENG, UK",PAY-000872,1696.42
ORD-000873,CUST-00112,2025-03-20 00:00:00,Completed,"New York, NY, USA",PAY-000873,390.43
ORD-000874,CUST-00497,2025-03-02 00:00:00,Completed,"London, ENG, UK",PAY-000874,503.98
ORD-000875,CUST-00266,2025-10-11 00:00:00,Cancelled,"New York, NY, USA",PAY-000875,107.46
ORD-000876,CUST-00323,2025-07-09 00:00:00,Shipped,"London, ENG, UK",PAY-000876,281.6
ORD-000877,CUST-00229,2025-08-08 00:00:00,Completed,"London, ENG, UK",PAY-000877,644.95
ORD-000878,CUST-00296,2025-07-19 00:00:00,Shipped,"Toronto, ON, Canada",PAY-000878,1004.94
ORD-000879,CUST-00289,2025-09-28 00:00:00,Completed,"Chicago, IL, USA",PAY-000879,507.94
ORD-000880,CUST-00187,2025-03-02 00:00:00,Completed,"San Jose, CA, USA",PAY-000880,109.46
ORD-000881,CUST-00249,2025-07-10 00:00:00,Processing,"San Antonio, TX, USA",PAY-000881,829.95
ORD-000882,CUST-00128,2025-08-11 00:00:00,Completed,"Toronto, ON, Canada",PAY-000882,79.98
ORD-000883,CUST-00334,2025-12-26 00:00:00,Cancelled,"Philadelphia, PA, USA",PAY-000883,1958.9
ORD-000884,CUST-00056,2025-06-20 00:00:00,Completed,"Dallas, TX, USA",PAY-000884,422.46
ORD-000885,CUST-00189,2025-04-13 00:00:00,Completed,"New York, NY, USA",PAY-000885,860.47
ORD-000886,CUST-00078,2025-03-24 00:00:00,Processing,"San Antonio, TX, USA",PAY-000886,294.47
ORD-000887,CUST-00176,2025-03-07 00:00:00,Completed,"London, ENG, UK",PAY-000887,439.9
ORD-000888,CUST-00027,2025-12-26 00:00:00,Cancelled,"Dallas, TX, USA",PAY-000888,124.98
ORD-000889,CUST-00257,2025-07-13 00:00:00,Completed,"Los Angeles, CA, USA",PAY-000889,162.09
ORD-000890,CUST-00360,2025-03-13 00:00:00,Processing,"San Antonio, TX, USA",PAY-000890,268.93
ORD-000891,CUST-00262,2025-08-17 00:00:00,Completed,"Chicago, IL, USA",PAY-000891,91.66
ORD-000892,CUST-00015,2025-09-16 00:00:00,Processing,"Toronto, ON, Canada",PAY-000892,548.41
ORD-000893,CUST-00185,2025-09-25 00:00:00,Completed,"Philadelphia, PA, USA",PAY-000893,83.98
ORD-000894,CUST-00485,2025-08-17 00:00:00,Shipped,"Philadelphia, PA, USA",PAY-000894,300.94
ORD-000895,CUST-00453,2025-01-31 00:00:00,Cancelled,"Dallas, TX, USA",PAY-000895,21.99
ORD-000896,CUST-00477,2025-01-31 00:00:00,Completed,"Philadelphia, PA, USA",PAY-000896,278.06
ORD-000897,CUST-00135,2025-09-21 00:00:00,Cancelled,"Houston, TX, USA",PAY-000897,149.95
ORD-000898,CUST-00058,2025-03-16 00:00:00,Shipped,"Phoenix, AZ, USA",PAY-000898,578.95
ORD-000899,CUST-00033,2025-04-19 00:00:00,Completed,"Los Angeles, CA, USA",PAY-000899,107.97
ORD-000900,CUST-00090,2025-02-06 00:00:00,Processing,"Chicago, IL, USA",PAY-000900,23.74
ORD-000901,CUST-00104,2025-06-16 00:00:00,Completed,"San Antonio, TX, USA",PAY-000901,520.94
ORD-000902,CUST-00187,2025-03-17 00:00:00,Processing,"San Jose, CA, USA",PAY-000902,412.68
ORD-000903,CUST-00209,2025-04-30 00:00:00,Processing,"Dallas, TX, USA",PAY-000903,2062.9
ORD-000904,CUST-00454,2025-04-11 00:00:00,Completed,"Toronto, ON, Canada",PAY-000904,933.92
ORD-000905,CUST-00418,2025-05-16 00:00:00,Cancelled,"Dallas, TX, USA",PAY-000905,579.89
ORD-000906,CUST-00351,2025-07-21 00:00:00,Completed,"Dallas, TX, USA",PAY-000906,854.97
ORD-000907,CUST-00113,2025-11-22 00:00:00,Completed,"London, ENG, UK",PAY-000907,418.4
ORD-000908,CUST-00423,2025-05-18 00:00:00,Processing,"Toronto, ON, Canada",PAY-000908,129.99
ORD-000909,CUST-00062,2025-05-17 00:00:00,Completed,"Los Angeles, CA, USA",PAY-000909,503.98
ORD-000910,CUST-00339,2025-08-25 00:00:00,Completed,"Dallas, TX, USA",PAY-000910,766.43
ORD-000911,CUST-00164,2025-07-29 00:00:00,Completed,"Dallas, TX, USA",PAY-000911,633.66
ORD-000912,CUST-00493,2025-10-07 00:00:00,Cancelled,"Chicago, IL, USA",PAY-000912,69.98
ORD-000913,CUST-00126,2025-12-20 00:00:00,Completed,"Phoenix, AZ, USA",PAY-000913,1034.6
ORD-000914,CUST-00258,2025-05-03 00:00:00,Completed,"San Antonio, TX, USA",PAY-000914,455.04
ORD-000915,CUST-00308,2025-07-19 00:00:00,Completed,"Dallas, TX, USA",PAY-000915,19.99
ORD-000916,CUST-00003,2025-08-17 00:00:00,Cancelled,"Los Angeles, CA, USA",PAY-000916,547.48
ORD-000917,CUST-00444,2025-11-25 00:00:00,Cancelled,"San Jose, CA, USA",PAY-000917,333.95
ORD-000918,CUST-00407,2025-09-08 00:00:00,Completed,"Los Angeles, CA, USA",PAY-000918,256.44
ORD-000919,CUST-00465,2025-04-11 00:00:00,Completed,"Houston, TX, USA",PAY-000919,24.99
ORD-000920,CUST-00286,2025-06-14 00:00:00,Completed,"Houston, TX, USA",PAY-000920,22.49
ORD-000921,CUST-00104,2025-04-16 00:00:00,Completed,"San Antonio, TX, USA",PAY-000921,255.95
ORD-000922,CUST-00156,2025-04-11 00:00:00,Completed,"Chicago, IL, USA",PAY-000922,66.48
ORD-000923,CUST-00075,2025-04-06 00:00:00,Cancelled,"Phoenix, AZ, USA",PAY-000923,873.95
ORD-000924,CUST-00321,2025-08-30 00:00:00,Cancelled,"San Antonio, TX, USA",PAY-000924,188.71
ORD-000925,CUST-00344,2025-08-10 00:00:00,Completed,"New York, NY, USA",PAY-000925,246.36
ORD-000926,CUST-00288,2025-03-15 00:00:00,Shipped,"Dallas, TX, USA",PAY-000926,769.47
ORD-000927,CUST-00333,2025-07-24 00:00:00,Completed,"Los Angeles, CA, USA",PAY-000927,248.94
ORD-000928,CUST-00129,2025-12-19 00:00:00,Completed,"Phoenix, AZ, USA",PAY-000928,265.45
ORD-000929,CUST-00143,2025-06-15 00:00:00,Processing,"Phoenix, AZ, USA",PAY-000929,1449.49
ORD-000930,CUST-00061,2025-06-29 00:00:00,Shipped,"Houston, TX, USA",PAY-000930,129.41
ORD-000931,CUST-00201,2025-10-05 00:00:00,Shipped,"Phoenix, AZ, USA",PAY-000931,437.94
ORD-000932,CUST-00002,2025-03-06 00:00:00,Completed,"Los Angeles, CA, USA",PAY-000932,378.33
ORD-000933,CUST-00199,2025-07-10 00:00:00,Completed,"San Antonio, TX, USA",PAY-000933,148.47
ORD-000934,CUST-00105,2025-02-20 00:00:00,Shipped,"London, ENG, UK",PAY-000934,189.99
ORD-000935,CUST-00146,2025-09-08 00:00:00,Completed,"Dallas, TX, USA",PAY-000935,129.45
ORD-000936,CUST-00391,2025-05-23 00:00:00,Completed,"San Jose, CA, USA",PAY-000936,927.93
ORD-000937,CUST-00457,2025-04-29 00:00:00,Completed,"San Antonio, TX, USA",PAY-000937,762.43
ORD-000938,CUST-00227,2025-04-17 00:00:00,Shipped,"London, ENG, UK",PAY-000938,1005.92
ORD-000939,CUST-00430,2025-09-14 00:00:00,Processing,"San Diego, CA, USA",PAY-000939,421.44
ORD-000940,CUST-00107,2025-05-22 00:00:00,Completed,"San Antonio, TX, USA",PAY-000940,380.92
ORD-000941,CUST-00366,2025-02-11 00:00:00,Completed,"Chicago, IL, USA",PAY-000941,1119.94
ORD-000942,CUST-00081,2025-04-27 00:00:00,Completed,"Phoenix, AZ, USA",PAY-000942,299.97
ORD-000943,CUST-00129,2025-03-12 00:00:00,Processing,"Phoenix, AZ, USA",PAY-000943,160.16
ORD-000944,CUST-00267,2025-03-06 00:00:00,Completed,"Los Angeles, CA, USA",PAY-000944,21.99
ORD-000945,CUST-00459,2025-04-26 00:00:00,Completed,"London, ENG, UK",PAY-000945,389.97
ORD-000946,CUST-00399,2025-09-24 00:00:00,Processing,"Los Angeles, CA, USA",PAY-000946,203.94
ORD-000947,CUST-00257,2025-10-16 00:00:00,Completed,"Los Angeles, CA, USA",PAY-000947,213.18
ORD-000948,CUST-00035,2025-08-12 00:00:00,Completed,"Toronto, ON, Canada",PAY-000948,89.98
ORD-000949,CUST-00456,2025-10-26 00:00:00,Completed,"Chicago, IL, USA",PAY-000949,440.32
ORD-000950,CUST-00308,2025-08-07 00:00:00,Cancelled,"Dallas, TX, USA",PAY-000950,164.15
ORD-000951,CUST-00102,2025-02-08 00:00:00,Completed,"Philadelphia, PA, USA",PAY-000951,1051.93
ORD-000952,CUST-00452,2025-05-15 00:00:00,Completed,"San Jose, CA, USA",PAY-000952,87.98
ORD-000953,CUST-00466,2025-08-16 00:00:00,Shipped,"Chicago, IL, USA",PAY-000953,1333.13
ORD-000954,CUST-00006,2025-03-23 00:00:00,Completed,"Chicago, IL, USA",PAY-000954,1134.94
ORD-000955,CUST-00453,2025-09-12 00:00:00,Cancelled,"Dallas, TX, USA",PAY-000955,520.71
ORD-000956,CUST-00073,2025-05-11 00:00:00,Completed,"London, ENG, UK",PAY-000956,301.19
ORD-000957,CUST-00373,2025-10-05 00:00:00,Cancelled,"New York, NY, USA",PAY-000957,59.98
ORD-000958,CUST-00059,2025-03-12 00:00:00,Shipped,"Chicago, IL, USA",PAY-000958,698.89
ORD-000959,CUST-00413,2025-12-01 00:00:00,Cancelled,"Toronto, ON, Canada",PAY-000959,718.96
ORD-000960,CUST-00256,2025-08-26 00:00:00,Completed,"Chicago, IL, USA",PAY-000960,289.95
ORD-000961,CUST-00212,2025-08-23 00:00:00,Completed,"Philadelphia, PA, USA",PAY-000961,287.95
ORD-000962,CUST-00213,2025-09-30 00:00:00,Completed,"Los Angeles, CA, USA",PAY-000962,215.95
ORD-000963,CUST-00313,2025-04-25 00:00:00,Completed,"Philadelphia, PA, USA",PAY-000963,389.06
ORD-000964,CUST-00277,2025-09-07 00:00:00,Completed,"London, ENG, UK",PAY-000964,209.97
ORD-000965,CUST-00091,2025-02-16 00:00:00,Completed,"Chicago, IL, USA",PAY-000965,289.96
ORD-000966,CUST-00460,2025-08-19 00:00:00,Cancelled,"San Antonio, TX, USA",PAY-000966,377.66
ORD-000967,CUST-00330,2025-10-21 00:00:00,Completed,"Toronto, ON, Canada",PAY-000967,347.62
ORD-000968,CUST-00414,2025-05-31 00:00:00,Cancelled,"Toronto, ON, Canada",PAY-000968,357.47
ORD-000969,CUST-00301,2025-04-01 00:00:00,Completed,"Dallas, TX, USA",PAY-000969,27.99
ORD-000970,CUST-00353,2025-07-13 00:00:00,Processing,"Phoenix, AZ, USA",PAY-000970,303.22
ORD-000971,CUST-00336,2025-02-17 00:00:00,Completed,"Toronto, ON, Canada",PAY-000971,339.96
ORD-000972,CUST-00402,2025-07-15 00:00:00,Completed,"Toronto, ON, Canada",PAY-000972,878.94
ORD-000973,CUST-00048,2025-10-07 00:00:00,Completed,"Houston, TX, USA",PAY-000973,115.98
ORD-000974,CUST-00365,2025-07-25 00:00:00,Cancelled,"Chicago, IL, USA",PAY-000974,594.95
ORD-000975,CUST-00456,2025-10-28 00:00:00,Processing,"Chicago, IL, USA",PAY-000975,959.95
ORD-000976,CUST-00023,2025-06-25 00:00:00,Completed,"London, ENG, UK",PAY-000976,149.97
ORD-000977,CUST-00469,2025-12-08 00:00:00,Processing,"Philadelphia, PA, USA",PAY-000977,440.97
ORD-000978,CUST-00343,2025-11-23 00:00:00,Completed,"Chicago, IL, USA",PAY-000978,576.93
ORD-000979,CUST-00255,2025-11-24 00:00:00,Completed,"San Antonio, TX, USA",PAY-000979,1104.93
ORD-000980,CUST-00067,2025-06-12 00:00:00,Completed,"New York, NY, USA",PAY-000980,179.21
ORD-000981,CUST-00040,2025-04-20 00:00:00,Cancelled,"London, ENG, UK",PAY-000981,199.99
ORD-000982,CUST-00495,2025-05-02 00:00:00,Completed,"Philadelphia, PA, USA",PAY-000982,1521.91
ORD-000983,CUST-00467,2025-12-14 00:00:00,Cancelled,"Philadelphia, PA, USA",PAY-000983,279.99
ORD-000984,CUST-00083,2025-10-25 00:00:00,Cancelled,"New York, NY, USA",PAY-000984,115.86
ORD-000985,CUST-00406,2025-09-09 00:00:00,Completed,"San Diego, CA, USA",PAY-000985,598.99
ORD-000986,CUST-00461,2025-02-21 00:00:00,Completed,"Toronto, ON, Canada",PAY-000986,811.44
ORD-000987,CUST-00284,2025-11-09 00:00:00,Shipped,"San Jose, CA, USA",PAY-000987,349.33
ORD-000988,CUST-00440,2025-03-26 00:00:00,Completed,"London, ENG, UK",PAY-000988,177.95
ORD-000989,CUST-00014,2025-06-25 00:00:00,Completed,"Houston, TX, USA",PAY-000989,206.98
ORD-000990,CUST-00094,2025-11-22 00:00:00,Completed,"Dallas, TX, USA",PAY-000990,28.49
ORD-000991,CUST-00416,2025-11-08 00:00:00,Processing,"London, ENG, UK",PAY-000991,124.41
ORD-000992,CUST-00380,2025-02-26 00:00:00,Completed,"Toronto, ON, Canada",PAY-000992,149.97
ORD-000993,CUST-00241,2025-08-03 00:00:00,Completed,"San Jose, CA, USA",PAY-000993,64.99
ORD-000994,CUST-00333,2025-11-18 00:00:00,Shipped,"Los Angeles, CA, USA",PAY-000994,26.99
ORD-000995,CUST-00087,2025-10-18 00:00:00,Completed,"Phoenix, AZ, USA",PAY-000995,740.95
ORD-000996,CUST-00467,2025-11-23 00:00:00,Completed,"Philadelphia, PA, USA",PAY-000996,365.31
ORD-000997,CUST-00417,2025-12-25 00:00:00,Processing,"San Antonio, TX, USA",PAY-000997,24.99
ORD-000998,CUST-00128,2025-02-23 00:00:00,Shipped,"Toronto, ON, Canada",PAY-000998,39.98
ORD-000999,CUST-00492,2025-03-29 00:00:00,Processing,"Chicago, IL, USA",PAY-000999,189.99
ORD-001000,CUST-00055,2025-07-24 00:00:00,Completed,"New York, NY, USA",PAY-001000,369.63
ORD-001001,CUST-00251,2025-06-20 00:00:00,Completed,"New York, NY, USA",PAY-001001,58.49
ORD-001002,CUST-00384,2025-09-22 00:00:00,Processing,"Phoenix, AZ, USA",PAY-001002,191.95
ORD-001003,CUST-00403,2025-10-29 00:00:00,Completed,"Chicago, IL, USA",PAY-001003,1011.92
ORD-001004,CUST-00486,2025-11-09 00:00:00,Processing,"Chicago, IL, USA",PAY-001004,128.19
ORD-001005,CUST-00442,2025-10-22 00:00:00,Cancelled,"Philadelphia, PA, USA",PAY-001005,760.96
ORD-001006,CUST-00322,2025-10-12 00:00:00,Processing,"London, ENG, UK",PAY-001006,42.74
ORD-001007,CUST-00291,2025-07-24 00:00:00,Completed,"Phoenix, AZ, USA",PAY-001007,532.41
ORD-001008,CUST-00440,2025-07-22 00:00:00,Completed,"London, ENG, UK",PAY-001008,483.93
ORD-001009,CUST-00053,2025-11-07 00:00:00,Completed,"Toronto, ON, Canada",PAY-001009,51.83
ORD-001010,CUST-00330,2025-11-28 00:00:00,Completed,"Toronto, ON, Canada",PAY-001010,359.97
ORD-001011,CUST-00337,2025-02-03 00:00:00,Cancelled,"Chicago, IL, USA",PAY-001011,454.92
ORD-001012,CUST-00386,2025-09-19 00:00:00,Processing,"Toronto, ON, Canada",PAY-001012,415.51
ORD-001013,CUST-00422,2025-04-21 00:00:00,Completed,"Los Angeles, CA, USA",PAY-001013,17.99
ORD-001014,CUST-00152,2025-09-23 00:00:00,Completed,"San Diego, CA, USA",PAY-001014,194.55
ORD-001015,CUST-00351,2025-09-03 00:00:00,Completed,"Dallas, TX, USA",PAY-001015,16.99
ORD-001016,CUST-00359,2025-04-26 00:00:00,Completed,"Los Angeles, CA, USA",PAY-001016,196.63
ORD-001017,CUST-00475,2025-02-10 00:00:00,Completed,"Phoenix, AZ, USA",PAY-001017,789.94
ORD-001018,CUST-00465,2025-02-25 00:00:00,Processing,"Houston, TX, USA",PAY-001018,239.97
ORD-001019,CUST-00133,2025-06-13 00:00:00,Completed,"Toronto, ON, Canada",PAY-001019,197.97
ORD-001020,CUST-00266,2025-04-16 00:00:00,Processing,"New York, NY, USA",PAY-001020,1061.14
ORD-001021,CUST-00017,2025-02-05 00:00:00,Cancelled,"San Jose, CA, USA",PAY-001021,1349.97
ORD-001022,CUST-00043,2025-07-15 00:00:00,Completed,"Houston, TX, USA",PAY-001022,179.97
ORD-001023,CUST-00402,2025-11-02 00:00:00,Shipped,"Toronto, ON, Canada",PAY-001023,253.62
ORD-001024,CUST-00407,2025-10-16 00:00:00,Shipped,"Los Angeles, CA, USA",PAY-001024,342.43
ORD-001025,CUST-00268,2025-03-11 00:00:00,Completed,"Toronto, ON, Canada",PAY-001025,150.95
ORD-001026,CUST-00023,2025-12-03 00:00:00,Completed,"London, ENG, UK",PAY-001026,49.98
ORD-001027,CUST-00186,2025-10-22 00:00:00,Completed,"San Antonio, TX, USA",PAY-001027,233.96
ORD-001028,CUST-00339,2025-02-25 00:00:00,Completed,"Dallas, TX, USA",PAY-001028,308.04
ORD-001029,CUST-00065,2025-03-05 00:00:00,Completed,"Toronto, ON, Canada",PAY-001029,283.92
ORD-001030,CUST-00256,2025-06-07 00:00:00,Processing,"Chicago, IL, USA",PAY-001030,404.97
ORD-001031,CUST-00345,2025-03-05 00:00:00,Completed,"San Jose, CA, USA",PAY-001031,189.43
ORD-001032,CUST-00043,2025-09-24 00:00:00,Cancelled,"Houston, TX, USA",PAY-001032,215.98
ORD-001033,CUST-00182,2025-08-10 00:00:00,Cancelled,"Houston, TX, USA",PAY-001033,285.45
ORD-001034,CUST-00343,2025-03-15 00:00:00,Completed,"Chicago, IL, USA",PAY-001034,409.89
ORD-001035,CUST-00313,2025-03-03 00:00:00,Shipped,"Philadelphia, PA, USA",PAY-001035,389.94
ORD-001036,CUST-00100,2025-10-27 00:00:00,Completed,"Philadelphia, PA, USA",PAY-001036,587.93
ORD-001037,CUST-00311,2025-05-12 00:00:00,Completed,"Philadelphia, PA, USA",PAY-001037,89.97
ORD-001038,CUST-00330,2025-07-15 00:00:00,Completed,"Toronto, ON, Canada",PAY-001038,49.99
ORD-001039,CUST-00389,2025-07-17 00:00:00,Completed,"Chicago, IL, USA",PAY-001039,377.97
ORD-001040,CUST-00006,2025-05-05 00:00:00,Completed,"Chicago, IL, USA",PAY-001040,1049.97
ORD-001041,CUST-00282,2025-04-06 00:00:00,Cancelled,"Phoenix, AZ, USA",PAY-001041,215.97
ORD-001042,CUST-00242,2025-12-23 00:00:00,Shipped,"London, ENG, UK",PAY-001042,265.48
ORD-001043,CUST-00040,2025-07-09 00:00:00,Processing,"London, ENG, UK",PAY-001043,85.47
ORD-001044,CUST-00116,2025-05-29 00:00:00,Completed,"Houston, TX, USA",PAY-001044,1686.4
ORD-001045,CUST-00479,2025-02-18 00:00:00,Shipped,"Houston, TX, USA",PAY-001045,247.94
ORD-001046,CUST-00220,2025-09-10 00:00:00,Cancelled,"Houston, TX, USA",PAY-001046,86.97
ORD-001047,CUST-00383,2025-04-06 00:00:00,Completed,"New York, NY, USA",PAY-001047,89.99
ORD-001048,CUST-00200,2025-08-22 00:00:00,Processing,"Dallas, TX, USA",PAY-001048,15.29
ORD-001049,CUST-00038,2025-07-14 00:00:00,Shipped,"San Antonio, TX, USA",PAY-001049,161.47
ORD-001050,CUST-00261,2025-11-08 00:00:00,Completed,"Phoenix, AZ, USA",PAY-001050,271.11
ORD-001051,CUST-00407,2025-10-28 00:00:00,Completed,"Los Angeles, CA, USA",PAY-001051,254.96
ORD-001052,CUST-00331,2025-08-10 00:00:00,Processing,"Toronto, ON, Canada",PAY-001052,37.99
ORD-001053,CUST-00311,2025-02-24 00:00:00,Processing,"Philadelphia, PA, USA",PAY-001053,333.01
ORD-001054,CUST-00207,2025-12-03 00:00:00,Shipped,"Toronto, ON, Canada",PAY-001054,1473.87
ORD-001055,CUST-00327,2025-11-18 00:00:00,Completed,"Chicago, IL, USA",PAY-001055,199.46
ORD-001056,CUST-00095,2025-05-25 00:00:00,Completed,"San Diego, CA, USA",PAY-001056,1004.95
ORD-001057,CUST-00204,2025-12-24 00:00:00,Completed,"Toronto, ON, Canada",PAY-001057,1007.92
ORD-001058,CUST-00337,2025-11-14 00:00:00,Cancelled,"Chicago, IL, USA",PAY-001058,47.49
ORD-001059,CUST-00455,2025-04-01 00:00:00,Completed,"London, ENG, UK",PAY-001059,701.64
ORD-001060,CUST-00288,2025-10-04 00:00:00,Cancelled,"Dallas, TX, USA",PAY-001060,574.69
ORD-001061,CUST-00278,2025-04-17 00:00:00,Completed,"San Antonio, TX, USA",PAY-001061,123.47
ORD-001062,CUST-00308,2025-08-19 00:00:00,Completed,"Dallas, TX, USA",PAY-001062,35.99
ORD-001063,CUST-00343,2025-05-09 00:00:00,Cancelled,"Chicago, IL, USA",PAY-001063,1079.94
ORD-001064,CUST-00440,2025-07-14 00:00:00,Completed,"London, ENG, UK",PAY-001064,1073.92
ORD-001065,CUST-00201,2025-04-24 00:00:00,Completed,"Phoenix, AZ, USA",PAY-001065,172.53
ORD-001066,CUST-00394,2025-06-14 00:00:00,Completed,"San Diego, CA, USA",PAY-001066,190.95
ORD-001067,CUST-00240,2025-11-05 00:00:00,Completed,"Phoenix, AZ, USA",PAY-001067,338.43
ORD-001068,CUST-00193,2025-04-03 00:00:00,Completed,"New York, NY, USA",PAY-001068,919.74
ORD-001069,CUST-00025,2025-04-13 00:00:00,Cancelled,"Phoenix, AZ, USA",PAY-001069,383.44
ORD-001070,CUST-00204,2025-09-28 00:00:00,Processing,"Toronto, ON, Canada",PAY-001070,80.98
ORD-001071,CUST-00469,2025-05-06 00:00:00,Completed,"Philadelphia, PA, USA",PAY-001071,74.97
ORD-001072,CUST-00053,2025-12-18 00:00:00,Completed,"Toronto, ON, Canada",PAY-001072,222.58
ORD-001073,CUST-00449,2025-03-30 00:00:00,Cancelled,"New York, NY, USA",PAY-001073,126.97
ORD-001074,CUST-00294,2025-09-18 00:00:00,Shipped,"Houston, TX, USA",PAY-001074,53.97
ORD-001075,CUST-00233,2025-10-02 00:00:00,Shipped,"Los Angeles, CA, USA",PAY-001075,79.98
ORD-001076,CUST-00441,2025-02-07 00:00:00,Completed,"San Diego, CA, USA",PAY-001076,359.97
ORD-001077,CUST-00115,2025-12-19 00:00:00,Completed,"San Jose, CA, USA",PAY-001077,121.71
ORD-001078,CUST-00293,2025-04-12 00:00:00,Completed,"Dallas, TX, USA",PAY-001078,565.87
ORD-001079,CUST-00340,2025-11-04 00:00:00,Completed,"Chicago, IL, USA",PAY-001079,536.95
ORD-001080,CUST-00493,2025-02-18 00:00:00,Shipped,"Chicago, IL, USA",PAY-001080,971.9
ORD-001081,CUST-00141,2025-08-13 00:00:00,Cancelled,"San Jose, CA, USA",PAY-001081,19.79
ORD-001082,CUST-00313,2025-10-30 00:00:00,Completed,"Philadelphia, PA, USA",PAY-001082,275.91
ORD-001083,CUST-00349,2025-10-26 00:00:00,Completed,"Philadelphia, PA, USA",PAY-001083,441.42
ORD-001084,CUST-00086,2025-06-23 00:00:00,Processing,"Phoenix, AZ, USA",PAY-001084,898.66
ORD-001085,CUST-00236,2025-11-30 00:00:00,Completed,"Philadelphia, PA, USA",PAY-001085,349.71
ORD-001086,CUST-00405,2025-08-19 00:00:00,Cancelled,"Chicago, IL, USA",PAY-001086,497.95
ORD-001087,CUST-00134,2025-03-12 00:00:00,Shipped,"San Diego, CA, USA",PAY-001087,198.95
ORD-001088,CUST-00207,2025-11-28 00:00:00,Completed,"Toronto, ON, Canada",PAY-001088,514.44
ORD-001089,CUST-00188,2025-02-13 00:00:00,Shipped,"Houston, TX, USA",PAY-001089,517.16
ORD-001090,CUST-00157,2025-12-18 00:00:00,Processing,"San Antonio, TX, USA",PAY-001090,59.97
ORD-001091,CUST-00307,2025-10-05 00:00:00,Completed,"London, ENG, UK",PAY-001091,370.47
ORD-001092,CUST-00045,2025-08-05 00:00:00,Completed,"San Diego, CA, USA",PAY-001092,1144.92
ORD-001093,CUST-00122,2025-09-06 00:00:00,Completed,"Toronto, ON, Canada",PAY-001093,1251.94
ORD-001094,CUST-00197,2025-12-12 00:00:00,Processing,"New York, NY, USA",PAY-001094,188.97
ORD-001095,CUST-00310,2025-04-08 00:00:00,Cancelled,"New York, NY, USA",PAY-001095,409.43
ORD-001096,CUST-00030,2025-07-16 00:00:00,Cancelled,"Chicago, IL, USA",PAY-001096,272.86
ORD-001097,CUST-00278,2025-12-20 00:00:00,Completed,"San Antonio, TX, USA",PAY-001097,1226.92
ORD-001098,CUST-00022,2025-04-20 00:00:00,Cancelled,"San Antonio, TX, USA",PAY-001098,359.95
ORD-001099,CUST-00445,2025-07-12 00:00:00,Completed,"Houston, TX, USA",PAY-001099,1259.95
ORD-001100,CUST-00146,2025-10-24 00:00:00,Processing,"Dallas, TX, USA",PAY-001100,864.51
ORD-001101,CUST-00077,2025-02-03 00:00:00,Completed,"Los Angeles, CA, USA",PAY-001101,248.97
ORD-001102,CUST-00065,2025-05-13 00:00:00,Processing,"Toronto, ON, Canada",PAY-001102,1141.44
ORD-001103,CUST-00379,2025-02-04 00:00:00,Completed,"Phoenix, AZ, USA",PAY-001103,275.45
ORD-001104,CUST-00393,2025-09-29 00:00:00,Completed,"New York, NY, USA",PAY-001104,49.98
ORD-001105,CUST-00238,2025-07-14 00:00:00,Completed,"San Jose, CA, USA",PAY-001105,180.92
ORD-001106,CUST-00461,2025-11-10 00:00:00,Completed,"Toronto, ON, Canada",PAY-001106,39.99
ORD-001107,CUST-00090,2025-03-04 00:00:00,Completed,"Chicago, IL, USA",PAY-001107,473.94
ORD-001108,CUST-00094,2025-04-29 00:00:00,Completed,"Dallas, TX, USA",PAY-001108,122.97
ORD-001109,CUST-00122,2025-04-26 00:00:00,Completed,"Toronto, ON, Canada",PAY-001109,396.13
ORD-001110,CUST-00083,2025-08-20 00:00:00,Completed,"New York, NY, USA",PAY-001110,716.25
ORD-001111,CUST-00458,2025-09-16 00:00:00,Processing,"Houston, TX, USA",PAY-001111,349.64
ORD-001112,CUST-00252,2025-07-17 00:00:00,Completed,"Dallas, TX, USA",PAY-001112,115.97
ORD-001113,CUST-00089,2025-02-19 00:00:00,Completed,"San Jose, CA, USA",PAY-001113,126.93
ORD-001114,CUST-00122,2025-12-23 00:00:00,Processing,"Toronto, ON, Canada",PAY-001114,747.23
ORD-001115,CUST-00057,2025-09-23 00:00:00,Completed,"Philadelphia, PA, USA",PAY-001115,191.78
ORD-001116,CUST-00030,2025-12-10 00:00:00,Cancelled,"Chicago, IL, USA",PAY-001116,378.97
ORD-001117,CUST-00048,2025-12-08 00:00:00,Completed,"Houston, TX, USA",PAY-001117,159.96
ORD-001118,CUST-00239,2025-04-12 00:00:00,Completed,"Toronto, ON, Canada",PAY-001118,98.97
ORD-001119,CUST-00054,2025-04-07 00:00:00,Completed,"London, ENG, UK",PAY-001119,89.97
ORD-001120,CUST-00478,2025-06-07 00:00:00,Completed,"Phoenix, AZ, USA",PAY-001120,369.95
ORD-001121,CUST-00334,2025-07-04 00:00:00,Cancelled,"Philadelphia, PA, USA",PAY-001121,89.98
ORD-001122,CUST-00047,2025-06-25 00:00:00,Completed,"San Antonio, TX, USA",PAY-001122,376.0
ORD-001123,CUST-00413,2025-05-20 00:00:00,Shipped,"Toronto, ON, Canada",PAY-001123,607.45
ORD-001124,CUST-00142,2025-05-08 00:00:00,Completed,"San Antonio, TX, USA",PAY-001124,461.35
ORD-001125,CUST-00073,2025-10-04 00:00:00,Completed,"London, ENG, UK",PAY-001125,400.9
ORD-001126,CUST-00212,2025-05-27 00:00:00,Completed,"Philadelphia, PA, USA",PAY-001126,207.95
ORD-001127,CUST-00360,2025-06-26 00:00:00,Completed,"San Antonio, TX, USA",PAY-001127,91.97
ORD-001128,CUST-00217,2025-07-07 00:00:00,Processing,"San Jose, CA, USA",PAY-001128,189.98
ORD-001129,CUST-00218,2025-04-29 00:00:00,Completed,"New York, NY, USA",PAY-001129,147.96
ORD-001130,CUST-00052,2025-09-18 00:00:00,Completed,"San Jose, CA, USA",PAY-001130,252.23
ORD-001131,CUST-00445,2025-03-27 00:00:00,Completed,"Houston, TX, USA",PAY-001131,139.99
ORD-001132,CUST-00053,2025-06-06 00:00:00,Completed,"Toronto, ON, Canada",PAY-001132,542.92
ORD-001133,CUST-00273,2025-10-28 00:00:00,Shipped,"New York, NY, USA",PAY-001133,273.15
ORD-001134,CUST-00171,2025-05-12 00:00:00,Shipped,"Dallas, TX, USA",PAY-001134,101.67
ORD-001135,CUST-00422,2025-04-17 00:00:00,Completed,"Los Angeles, CA, USA",PAY-001135,702.15
ORD-001136,CUST-00387,2025-03-06 00:00:00,Cancelled,"Dallas, TX, USA",PAY-001136,71.98
ORD-001137,CUST-00064,2025-06-09 00:00:00,Completed,"Dallas, TX, USA",PAY-001137,65.52
ORD-001138,CUST-00421,2025-11-15 00:00:00,Cancelled,"Los Angeles, CA, USA",PAY-001138,703.96
ORD-001139,CUST-00414,2025-11-28 00:00:00,Completed,"Toronto, ON, Canada",PAY-001139,274.61
ORD-001140,CUST-00077,2025-05-21 00:00:00,Completed,"Los Angeles, CA, USA",PAY-001140,166.2
ORD-001141,CUST-00414,2025-02-07 00:00:00,Completed,"Toronto, ON, Canada",PAY-001141,131.45
ORD-001142,CUST-00431,2025-04-22 00:00:00,Shipped,"San Diego, CA, USA",PAY-001142,85.47
ORD-001143,CUST-00121,2025-08-08 00:00:00,Shipped,"Toronto, ON, Canada",PAY-001143,239.88
ORD-001144,CUST-00083,2025-04-02 00:00:00,Completed,"New York, NY, USA",PAY-001144,239.04
ORD-001145,CUST-00215,2025-09-30 00:00:00,Completed,"Houston, TX, USA",PAY-001145,700.9
ORD-001146,CUST-00406,2025-04-25 00:00:00,Processing,"San Diego, CA, USA",PAY-001146,692.99
ORD-001147,CUST-00118,2025-04-01 00:00:00,Completed,"San Antonio, TX, USA",PAY-001147,179.98
ORD-001148,CUST-00461,2025-11-09 00:00:00,Shipped,"Toronto, ON, Canada",PAY-001148,155.96
ORD-001149,CUST-00399,2025-09-23 00:00:00,Processing,"Los Angeles, CA, USA",PAY-001149,565.39
ORD-001150,CUST-00014,2025-06-16 00:00:00,Completed,"Houston, TX, USA",PAY-001150,352.96
ORD-001151,CUST-00278,2025-11-06 00:00:00,Completed,"San Antonio, TX, USA",PAY-001151,239.97
ORD-001152,CUST-00315,2025-02-21 00:00:00,Completed,"Toronto, ON, Canada",PAY-001152,237.95
ORD-001153,CUST-00012,2025-12-16 00:00:00,Cancelled,"Chicago, IL, USA",PAY-001153,119.98
ORD-001154,CUST-00425,2025-03-29 00:00:00,Processing,"Phoenix, AZ, USA",PAY-001154,772.46
ORD-001155,CUST-00110,2025-10-01 00:00:00,Shipped,"New York, NY, USA",PAY-001155,843.92
ORD-001156,CUST-00465,2025-06-22 00:00:00,Cancelled,"Houston, TX, USA",PAY-001156,300.44
ORD-001157,CUST-00357,2025-06-28 00:00:00,Completed,"Philadelphia, PA, USA",PAY-001157,34.18
ORD-001158,CUST-00460,2025-03-05 00:00:00,Cancelled,"San Antonio, TX, USA",PAY-001158,404.94
ORD-001159,CUST-00237,2025-11-09 00:00:00,Completed,"Houston, TX, USA",PAY-001159,13.49
ORD-001160,CUST-00404,2025-05-26 00:00:00,Cancelled,"Philadelphia, PA, USA",PAY-001160,287.32
ORD-001161,CUST-00357,2025-12-13 00:00:00,Processing,"Philadelphia, PA, USA",PAY-001161,611.91
ORD-001162,CUST-00315,2025-04-10 00:00:00,Shipped,"Toronto, ON, Canada",PAY-001162,93.97
ORD-001163,CUST-00059,2025-03-08 00:00:00,Completed,"Chicago, IL, USA",PAY-001163,104.97
ORD-001164,CUST-00107,2025-09-03 00:00:00,Completed,"San Antonio, TX, USA",PAY-001164,577.44
ORD-001165,CUST-00195,2025-10-06 00:00:00,Completed,"Philadelphia, PA, USA",PAY-001165,997.47
ORD-001166,CUST-00092,2025-02-24 00:00:00,Completed,"Los Angeles, CA, USA",PAY-001166,436.11
ORD-001167,CUST-00388,2025-09-14 00:00:00,Completed,"Philadelphia, PA, USA",PAY-001167,36.08
ORD-001168,CUST-00401,2025-10-17 00:00:00,Cancelled,"Philadelphia, PA, USA",PAY-001168,34.99
ORD-001169,CUST-00133,2025-08-26 00:00:00,Completed,"Toronto, ON, Canada",PAY-001169,116.97
ORD-001170,CUST-00118,2025-02-27 00:00:00,Completed,"San Antonio, TX, USA",PAY-001170,254.68
ORD-001171,CUST-00054,2025-03-12 00:00:00,Completed,"London, ENG, UK",PAY-001171,479.94
ORD-001172,CUST-00247,2025-10-11 00:00:00,Processing,"Dallas, TX, USA",PAY-001172,243.47
ORD-001173,CUST-00070,2025-08-28 00:00:00,Cancelled,"San Antonio, TX, USA",PAY-001173,149.95
ORD-001174,CUST-00271,2025-06-08 00:00:00,Completed,"Toronto, ON, Canada",PAY-001174,1064.9
ORD-001175,CUST-00258,2025-07-16 00:00:00,Completed,"San Antonio, TX, USA",PAY-001175,133.99
ORD-001176,CUST-00058,2025-04-12 00:00:00,Completed,"Phoenix, AZ, USA",PAY-001176,353.95
ORD-001177,CUST-00125,2025-06-30 00:00:00,Shipped,"Chicago, IL, USA",PAY-001177,87.46
ORD-001178,CUST-00460,2025-10-01 00:00:00,Completed,"San Antonio, TX, USA",PAY-001178,569.97
ORD-001179,CUST-00493,2025-06-06 00:00:00,Cancelled,"Chicago, IL, USA",PAY-001179,129.98
ORD-001180,CUST-00198,2025-12-08 00:00:00,Cancelled,"Toronto, ON, Canada",PAY-001180,935.95
ORD-001181,CUST-00435,2025-05-28 00:00:00,Completed,"San Jose, CA, USA",PAY-001181,269.97
ORD-001182,CUST-00243,2025-10-16 00:00:00,Completed,"San Diego, CA, USA",PAY-001182,69.98
ORD-001183,CUST-00134,2025-06-14 00:00:00,Completed,"San Diego, CA, USA",PAY-001183,56.99
ORD-001184,CUST-00231,2025-11-09 00:00:00,Completed,"Los Angeles, CA, USA",PAY-001184,541.47
ORD-001185,CUST-00076,2025-11-01 00:00:00,Completed,"San Antonio, TX, USA",PAY-001185,590.91
ORD-001186,CUST-00297,2025-04-09 00:00:00,Cancelled,"Los Angeles, CA, USA",PAY-001186,159.43
ORD-001187,CUST-00090,2025-06-17 00:00:00,Completed,"Chicago, IL, USA",PAY-001187,210.68
ORD-001188,CUST-00500,2025-03-29 00:00:00,Shipped,"San Diego, CA, USA",PAY-001188,563.92
ORD-001189,CUST-00418,2025-03-31 00:00:00,Completed,"Dallas, TX, USA",PAY-001189,137.97
ORD-001190,CUST-00261,2025-12-20 00:00:00,Processing,"Phoenix, AZ, USA",PAY-001190,933.92
ORD-001191,CUST-00460,2025-11-10 00:00:00,Completed,"San Antonio, TX, USA",PAY-001191,893.92
ORD-001192,CUST-00444,2025-11-28 00:00:00,Completed,"San Jose, CA, USA",PAY-001192,89.99
ORD-001193,CUST-00428,2025-08-25 00:00:00,Completed,"New York, NY, USA",PAY-001193,189.98
ORD-001194,CUST-00225,2025-03-10 00:00:00,Completed,"Los Angeles, CA, USA",PAY-001194,62.99
ORD-001195,CUST-00138,2025-03-19 00:00:00,Completed,"San Jose, CA, USA",PAY-001195,360.98
ORD-001196,CUST-00361,2025-05-26 00:00:00,Completed,"Dallas, TX, USA",PAY-001196,79.77
ORD-001197,CUST-00396,2025-12-13 00:00:00,Completed,"San Diego, CA, USA",PAY-001197,86.97
ORD-001198,CUST-00221,2025-09-02 00:00:00,Processing,"New York, NY, USA",PAY-001198,107.06
ORD-001199,CUST-00311,2025-09-23 00:00:00,Cancelled,"Philadelphia, PA, USA",PAY-001199,26.09
ORD-001200,CUST-00242,2025-10-28 00:00:00,Shipped,"London, ENG, UK",PAY-001200,1450.52
ORD-001201,CUST-00355,2025-12-01 00:00:00,Completed,"San Diego, CA, USA",PAY-001201,422.97
ORD-001202,CUST-00195,2025-02-07 00:00:00,Completed,"Philadelphia, PA, USA",PAY-001202,21.84
ORD-001203,CUST-00185,2025-07-21 00:00:00,Processing,"Philadelphia, PA, USA",PAY-001203,536.92
ORD-001204,CUST-00198,2025-12-05 00:00:00,Completed,"Toronto, ON, Canada",PAY-001204,149.97
ORD-001205,CUST-00482,2025-04-11 00:00:00,Completed,"Los Angeles, CA, USA",PAY-001205,365.16
ORD-001206,CUST-00470,2025-04-08 00:00:00,Completed,"Phoenix, AZ, USA",PAY-001206,284.94
ORD-001207,CUST-00481,2025-02-25 00:00:00,Completed,"Chicago, IL, USA",PAY-001207,652.42
ORD-001208,CUST-00030,2025-03-17 00:00:00,Completed,"Chicago, IL, USA",PAY-001208,107.97
ORD-001209,CUST-00034,2025-03-02 00:00:00,Cancelled,"San Jose, CA, USA",PAY-001209,273.47
ORD-001210,CUST-00454,2025-03-27 00:00:00,Cancelled,"Toronto, ON, Canada",PAY-001210,269.99
ORD-001211,CUST-00383,2025-02-22 00:00:00,Shipped,"New York, NY, USA",PAY-001211,153.95
ORD-001212,CUST-00304,2025-07-10 00:00:00,Shipped,"Dallas, TX, USA",PAY-001212,379.98
ORD-001213,CUST-00288,2025-07-17 00:00:00,Shipped,"Dallas, TX, USA",PAY-001213,546.43
ORD-001214,CUST-00143,2025-09-29 00:00:00,Cancelled,"Phoenix, AZ, USA",PAY-001214,149.97
ORD-001215,CUST-00243,2025-05-14 00:00:00,Cancelled,"San Diego, CA, USA",PAY-001215,306.94
ORD-001216,CUST-00181,2025-11-14 00:00:00,Shipped,"San Antonio, TX, USA",PAY-001216,1029.92
ORD-001217,CUST-00216,2025-10-29 00:00:00,Completed,"Chicago, IL, USA",PAY-001217,556.89
ORD-001218,CUST-00410,2025-05-27 00:00:00,Completed,"San Diego, CA, USA",PAY-001218,280.94
ORD-001219,CUST-00181,2025-03-12 00:00:00,Completed,"San Antonio, TX, USA",PAY-001219,392.64
ORD-001220,CUST-00456,2025-05-30 00:00:00,Completed,"Chicago, IL, USA",PAY-001220,89.98
ORD-001221,CUST-00169,2025-07-01 00:00:00,Shipped,"Houston, TX, USA",PAY-001221,522.43
ORD-001222,CUST-00350,2025-05-01 00:00:00,Completed,"Toronto, ON, Canada",PAY-001222,24.99
ORD-001223,CUST-00447,2025-03-02 00:00:00,Completed,"Toronto, ON, Canada",PAY-001223,166.96
ORD-001224,CUST-00226,2025-12-21 00:00:00,Processing,"San Jose, CA, USA",PAY-001224,256.15
ORD-001225,CUST-00305,2025-11-08 00:00:00,Completed,"London, ENG, UK",PAY-001225,720.43
ORD-001226,CUST-00354,2025-11-23 00:00:00,Completed,"San Jose, CA, USA",PAY-001226,29.98
ORD-001227,CUST-00024,2025-10-17 00:00:00,Processing,"San Antonio, TX, USA",PAY-001227,1016.93
ORD-001228,CUST-00178,2025-06-04 00:00:00,Completed,"San Diego, CA, USA",PAY-001228,539.93
ORD-001229,CUST-00038,2025-11-06 00:00:00,Completed,"San Antonio, TX, USA",PAY-001229,1662.65
ORD-001230,CUST-00011,2025-02-01 00:00:00,Completed,"Los Angeles, CA, USA",PAY-001230,468.23
ORD-001231,CUST-00095,2025-11-25 00:00:00,Completed,"San Diego, CA, USA",PAY-001231,93.01
ORD-001232,CUST-00008,2025-02-16 00:00:00,Processing,"San Diego, CA, USA",PAY-001232,379.98
ORD-001233,CUST-00003,2025-12-23 00:00:00,Cancelled,"Los Angeles, CA, USA",PAY-001233,482.45
ORD-001234,CUST-00145,2025-07-21 00:00:00,Completed,"Phoenix, AZ, USA",PAY-001234,164.91
ORD-001235,CUST-00119,2025-06-03 00:00:00,Completed,"Philadelphia, PA, USA",PAY-001235,389.96
ORD-001236,CUST-00001,2025-09-15 00:00:00,Completed,"New York, NY, USA",PAY-001236,249.99
ORD-001237,CUST-00093,2025-05-07 00:00:00,Completed,"Dallas, TX, USA",PAY-001237,662.94
ORD-001238,CUST-00223,2025-03-26 00:00:00,Cancelled,"Houston, TX, USA",PAY-001238,159.98
ORD-001239,CUST-00171,2025-11-08 00:00:00,Processing,"Dallas, TX, USA",PAY-001239,51.27
ORD-001240,CUST-00354,2025-09-28 00:00:00,Completed,"San Jose, CA, USA",PAY-001240,359.97
ORD-001241,CUST-00246,2025-10-31 00:00:00,Cancelled,"San Antonio, TX, USA",PAY-001241,622.05
ORD-001242,CUST-00412,2025-10-18 00:00:00,Completed,"London, ENG, UK",PAY-001242,191.19
ORD-001243,CUST-00340,2025-04-20 00:00:00,Completed,"Chicago, IL, USA",PAY-001243,224.92
ORD-001244,CUST-00019,2025-12-21 00:00:00,Completed,"Dallas, TX, USA",PAY-001244,44.97
ORD-001245,CUST-00368,2025-09-12 00:00:00,Completed,"Dallas, TX, USA",PAY-001245,198.21
ORD-001246,CUST-00203,2025-05-11 00:00:00,Completed,"New York, NY, USA",PAY-001246,749.97
ORD-001247,CUST-00236,2025-08-01 00:00:00,Completed,"Philadelphia, PA, USA",PAY-001247,65.97
ORD-001248,CUST-00334,2025-04-23 00:00:00,Processing,"Philadelphia, PA, USA",PAY-001248,149.97
ORD-001249,CUST-00194,2025-12-08 00:00:00,Completed,"London, ENG, UK",PAY-001249,291.81
ORD-001250,CUST-00035,2025-12-14 00:00:00,Completed,"Toronto, ON, Canada",PAY-001250,232.08
