order_item_id,order_id,product_id,quantity,unit_price,discount
ITEM-000001,ORD-000001,PROD-0027,3,49.99,0.0
ITEM-000002,ORD-000001,PROD-0006,2,59.99,12.0
ITEM-000003,ORD-000001,PROD-0008,3,29.99,9.0
ITEM-000004,ORD-000002,PROD-0020,1,39.99,0.0
ITEM-000005,ORD-000003,PROD-0022,2,149.99,30.0
ITEM-000006,ORD-000003,PROD-0036,1,22.99,2.3
ITEM-000007,ORD-000004,PROD-0048,3,22.99,0.0
ITEM-000008,ORD-000005,PROD-0049,3,16.99,0.0
ITEM-000009,ORD-000005,PROD-0046,3,149.99,0.0
ITEM-000010,ORD-000005,PROD-0005,1,279.99,28.0
ITEM-000011,ORD-000006,PROD-0038,3,89.99,0.0
ITEM-000012,ORD-000006,PROD-0008,3,29.99,4.5
ITEM-000013,ORD-000006,PROD-0023,3,249.99,0.0
ITEM-000014,ORD-000006,PROD-0030,3,139.99,0.0
ITEM-000015,ORD-000007,PROD-0024,1,99.99,10.0
ITEM-000016,ORD-000007,PROD-0045,1,69.99,7.0
ITEM-000017,ORD-000008,PROD-0009,2,34.99,0.0
ITEM-000018,ORD-000008,PROD-0012,1,59.99,6.0
ITEM-000019,ORD-000008,PROD-0021,2,299.99,60.0
ITEM-000020,ORD-000009,PROD-0006,1,59.99,0.0
ITEM-000021,ORD-000009,PROD-0037,2,18.99,0.0
ITEM-000022,ORD-000010,PROD-0037,1,18.99,0.95
ITEM-000023,ORD-000011,PROD-0035,3,59.99,0.0
ITEM-000024,ORD-000011,PROD-0014,2,34.99,0.0
ITEM-000025,ORD-000011,PROD-0028,2,34.99,3.5
ITEM-000026,ORD-000011,PROD-0007,2,49.99,0.0
ITEM-000027,ORD-000012,PROD-0014,3,34.99,5.25
ITEM-000028,ORD-000012,PROD-0048,3,22.99,6.9
ITEM-000029,ORD-000013,PROD-0014,3,34.99,5.25
ITEM-000030,ORD-000013,PROD-0004,3,39.99,6.0
ITEM-000031,ORD-000014,PROD-0033,1,79.99,8.0
ITEM-000032,ORD-000014,PROD-0044,2,19.99,0.0
ITEM-000033,ORD-000014,PROD-0007,1,49.99,0.0
ITEM-000034,ORD-000015,PROD-0037,2,18.99,3.8
ITEM-000035,ORD-000015,PROD-0041,1,29.99,0.0
ITEM-000036,ORD-000016,PROD-0050,3,449.99,0.0
ITEM-000037,ORD-000017,PROD-0014,2,34.99,3.5
ITEM-000038,ORD-000017,PROD-0028,2,34.99,0.0
ITEM-000039,ORD-000017,PROD-0032,3,19.99,6.0
ITEM-000040,ORD-000017,PROD-0018,2,14.99,0.0
ITEM-000041,ORD-000018,PROD-0002,2,349.99,0.0
ITEM-000042,ORD-000018,PROD-0008,2,29.99,0.0
ITEM-000043,ORD-000018,PROD-0011,3,24.99,0.0
ITEM-000044,ORD-000018,PROD-0029,3,27.99,4.2
ITEM-000045,ORD-000019,PROD-0017,3,64.99,0.0
ITEM-000046,ORD-000019,PROD-0006,3,59.99,0.0
ITEM-000047,ORD-000019,PROD-0024,1,99.99,0.0
ITEM-000048,ORD-000020,PROD-0045,2,69.99,0.0
ITEM-000049,ORD-000021,PROD-0006,2,59.99,6.0
ITEM-000050,ORD-000021,PROD-0047,1,17.99,0.0
ITEM-000051,ORD-000021,PROD-0007,3,49.99,0.0
ITEM-000052,ORD-000021,PROD-0021,3,299.99,0.0
ITEM-000053,ORD-000022,PROD-0006,1,59.99,0.0
ITEM-000054,ORD-000022,PROD-0007,3,49.99,15.0
ITEM-000055,ORD-000023,PROD-0016,3,79.99,0.0
ITEM-000056,ORD-000023,PROD-0018,3,14.99,2.25
ITEM-000057,ORD-000024,PROD-0048,2,22.99,0.0
ITEM-000058,ORD-000024,PROD-0026,1,39.99,4.0
ITEM-000059,ORD-000025,PROD-0034,1,28.99,1.45
ITEM-000060,ORD-000026,PROD-0035,2,59.99,0.0
ITEM-000061,ORD-000026,PROD-0044,2,19.99,0.0
ITEM-000062,ORD-000026,PROD-0012,3,59.99,9.0
ITEM-000063,ORD-000027,PROD-0018,2,14.99,0.0
ITEM-000064,ORD-000027,PROD-0006,1,59.99,0.0
ITEM-000065,ORD-000028,PROD-0004,1,39.99,4.0
ITEM-000066,ORD-000028,PROD-0016,1,79.99,8.0
ITEM-000067,ORD-000029,PROD-0046,1,149.99,0.0
ITEM-000068,ORD-000030,PROD-0047,1,17.99,0.9
ITEM-000069,ORD-000030,PROD-0008,2,29.99,0.0
ITEM-000070,ORD-000030,PROD-0050,3,449.99,0.0
ITEM-000071,ORD-000031,PROD-0024,2,99.99,0.0
ITEM-000072,ORD-000031,PROD-0011,3,24.99,0.0
ITEM-000073,ORD-000032,PROD-0001,1,199.99,0.0
ITEM-000074,ORD-000033,PROD-0015,3,29.99,4.5
ITEM-000075,ORD-000033,PROD-0021,2,299.99,0.0
ITEM-000076,ORD-000033,PROD-0016,3,79.99,12.0
ITEM-000077,ORD-000033,PROD-0027,1,49.99,0.0
ITEM-000078,ORD-000034,PROD-0005,2,279.99,28.0
ITEM-000079,ORD-000034,PROD-0030,2,139.99,0.0
ITEM-000080,ORD-000034,PROD-0019,2,49.99,5.0
ITEM-000081,ORD-000034,PROD-0050,1,449.99,45.0
ITEM-000082,ORD-000035,PROD-0010,2,44.99,0.0
ITEM-000083,ORD-000035,PROD-0001,1,199.99,10.0
ITEM-000084,ORD-000036,PROD-0048,1,22.99,0.0
ITEM-000085,ORD-000036,PROD-0047,1,17.99,0.0
ITEM-000086,ORD-000036,PROD-0020,1,39.99,0.0
ITEM-000087,ORD-000036,PROD-0007,3,49.99,15.0
ITEM-000088,ORD-000037,PROD-0033,1,79.99,8.0
ITEM-000089,ORD-000038,PROD-0017,3,64.99,9.75
ITEM-000090,ORD-000038,PROD-0021,2,299.99,0.0
ITEM-000091,ORD-000038,PROD-0026,3,39.99,0.0
ITEM-000092,ORD-000039,PROD-0035,2,59.99,0.0
ITEM-000093,ORD-000040,PROD-0044,3,19.99,0.0
ITEM-000094,ORD-000040,PROD-0020,2,39.99,0.0
ITEM-000095,ORD-000041,PROD-0017,2,64.99,13.0
ITEM-000096,ORD-000041,PROD-0012,3,59.99,0.0
ITEM-000097,ORD-000041,PROD-0002,1,349.99,0.0
ITEM-000098,ORD-000042,PROD-0024,1,99.99,5.0
ITEM-000099,ORD-000042,PROD-0044,1,19.99,0.0
ITEM-000100,ORD-000042,PROD-0041,1,29.99,0.0
ITEM-000101,ORD-000042,PROD-0042,3,189.99,57.0
ITEM-000102,ORD-000043,PROD-0030,1,139.99,0.0
ITEM-000103,ORD-000044,PROD-0012,2,59.99,12.0
ITEM-000104,ORD-000044,PROD-0023,1,249.99,0.0
ITEM-000105,ORD-000044,PROD-0014,2,34.99,7.0
ITEM-000106,ORD-000044,PROD-0018,2,14.99,0.0
ITEM-000107,ORD-000045,PROD-0041,1,29.99,3.0
ITEM-000108,ORD-000045,PROD-0035,3,59.99,9.0
ITEM-000109,ORD-000046,PROD-0025,1,119.99,6.0
ITEM-000110,ORD-000046,PROD-0018,3,14.99,0.0
ITEM-000111,ORD-000046,PROD-0012,1,59.99,3.0
ITEM-000112,ORD-000047,PROD-0011,1,24.99,0.0
ITEM-000113,ORD-000047,PROD-0007,2,49.99,0.0
ITEM-000114,ORD-000048,PROD-0012,3,59.99,9.0
ITEM-000115,ORD-000048,PROD-0016,3,79.99,12.0
ITEM-000116,ORD-000049,PROD-0037,2,18.99,1.9
ITEM-000117,ORD-000049,PROD-0013,1,129.99,13.0
ITEM-000118,ORD-000050,PROD-0002,2,349.99,0.0
ITEM-000119,ORD-000050,PROD-0034,2,28.99,0.0
ITEM-000120,ORD-000051,PROD-0004,3,39.99,0.0
ITEM-000121,ORD-000051,PROD-0002,1,349.99,17.5
ITEM-000122,ORD-000051,PROD-0010,1,44.99,2.25
ITEM-000123,ORD-000052,PROD-0021,3,299.99,90.0
ITEM-000124,ORD-000052,PROD-0009,2,34.99,3.5
ITEM-000125,ORD-000052,PROD-0011,3,24.99,3.75
ITEM-000126,ORD-000053,PROD-0009,1,34.99,3.5
ITEM-000127,ORD-000053,PROD-0012,3,59.99,0.0
ITEM-000128,ORD-000053,PROD-0047,1,17.99,0.9
ITEM-000129,ORD-000054,PROD-0010,1,44.99,2.25
ITEM-000130,ORD-000054,PROD-0022,1,149.99,0.0
ITEM-000131,ORD-000054,PROD-0048,3,22.99,3.45
ITEM-000132,ORD-000054,PROD-0005,2,279.99,0.0
ITEM-000133,ORD-000055,PROD-0004,2,39.99,8.0
ITEM-000134,ORD-000056,PROD-0023,2,249.99,0.0
ITEM-000135,ORD-000056,PROD-0035,1,59.99,0.0
ITEM-000136,ORD-000056,PROD-0025,2,119.99,12.0
ITEM-000137,ORD-000056,PROD-0007,1,49.99,2.5
ITEM-000138,ORD-000057,PROD-0022,3,149.99,45.0
ITEM-000139,ORD-000058,PROD-0011,1,24.99,0.0
ITEM-000140,ORD-000058,PROD-0004,2,39.99,4.0
ITEM-000141,ORD-000058,PROD-0007,3,49.99,7.5
ITEM-000142,ORD-000058,PROD-0022,2,149.99,0.0
ITEM-000143,ORD-000059,PROD-0010,2,44.99,0.0
ITEM-000144,ORD-000059,PROD-0004,2,39.99,8.0
ITEM-000145,ORD-000059,PROD-0024,1,99.99,0.0
ITEM-000146,ORD-000059,PROD-0001,1,199.99,0.0
ITEM-000147,ORD-000060,PROD-0020,2,39.99,8.0
ITEM-000148,ORD-000061,PROD-0012,1,59.99,3.0
ITEM-000149,ORD-000061,PROD-0024,2,99.99,0.0
ITEM-000150,ORD-000061,PROD-0025,3,119.99,0.0
ITEM-000151,ORD-000061,PROD-0029,3,27.99,0.0
ITEM-000152,ORD-000062,PROD-0025,3,119.99,36.0
ITEM-000153,ORD-000063,PROD-0046,3,149.99,0.0
ITEM-000154,ORD-000063,PROD-0003,2,89.99,0.0
ITEM-000155,ORD-000063,PROD-0033,1,79.99,0.0
ITEM-000156,ORD-000063,PROD-0037,1,18.99,0.0
ITEM-000157,ORD-000064,PROD-0021,1,299.99,30.0
ITEM-000158,ORD-000064,PROD-0047,3,17.99,2.7
ITEM-000159,ORD-000064,PROD-0005,3,279.99,84.0
ITEM-000160,ORD-000065,PROD-0037,3,18.99,0.0
ITEM-000161,ORD-000065,PROD-0038,3,89.99,0.0
ITEM-000162,ORD-000066,PROD-0042,2,189.99,0.0
ITEM-000163,ORD-000066,PROD-0032,2,19.99,0.0
ITEM-000164,ORD-000066,PROD-0037,3,18.99,5.7
ITEM-000165,ORD-000066,PROD-0039,1,32.99,3.3
ITEM-000166,ORD-000067,PROD-0032,1,19.99,0.0
ITEM-000167,ORD-000067,PROD-0045,3,69.99,21.0
ITEM-000168,ORD-000067,PROD-0044,2,19.99,2.0
ITEM-000169,ORD-000068,PROD-0048,2,22.99,0.0
ITEM-000170,ORD-000068,PROD-0032,1,19.99,0.0
ITEM-000171,ORD-000068,PROD-0049,3,16.99,5.1
ITEM-000172,ORD-000068,PROD-0034,3,28.99,0.0
ITEM-000173,ORD-000069,PROD-0024,3,99.99,0.0
ITEM-000174,ORD-000070,PROD-0016,2,79.99,16.0
ITEM-000175,ORD-000071,PROD-0023,3,249.99,0.0
ITEM-000176,ORD-000071,PROD-0011,2,24.99,0.0
ITEM-000177,ORD-000071,PROD-0017,2,64.99,0.0
ITEM-000178,ORD-000072,PROD-0044,2,19.99,4.0
ITEM-000179,ORD-000072,PROD-0014,3,34.99,0.0
ITEM-000180,ORD-000073,PROD-0039,1,32.99,1.65
ITEM-000181,ORD-000073,PROD-0001,3,199.99,30.0
ITEM-000182,ORD-000074,PROD-0030,2,139.99,14.0
ITEM-000183,ORD-000074,PROD-0017,3,64.99,19.5
ITEM-000184,ORD-000074,PROD-0014,3,34.99,0.0
ITEM-000185,ORD-000075,PROD-0020,2,39.99,0.0
ITEM-000186,ORD-000075,PROD-0044,2,19.99,2.0
ITEM-000187,ORD-000075,PROD-0007,3,49.99,7.5
ITEM-000188,ORD-000076,PROD-0034,1,28.99,0.0
ITEM-000189,ORD-000076,PROD-0049,3,16.99,5.1
ITEM-000190,ORD-000077,PROD-0027,3,49.99,0.0
ITEM-000191,ORD-000077,PROD-0026,3,39.99,0.0
ITEM-000192,ORD-000077,PROD-0025,3,119.99,0.0
ITEM-000193,ORD-000078,PROD-0043,1,24.99,1.25
ITEM-000194,ORD-000078,PROD-0036,1,22.99,2.3
ITEM-000195,ORD-000079,PROD-0044,3,19.99,0.0
ITEM-000196,ORD-000079,PROD-0022,1,149.99,7.5
ITEM-000197,ORD-000080,PROD-0038,1,89.99,9.0
ITEM-000198,ORD-000080,PROD-0019,2,49.99,0.0
ITEM-000199,ORD-000080,PROD-0030,3,139.99,42.0
ITEM-000200,ORD-000081,PROD-0022,3,149.99,45.0
ITEM-000201,ORD-000081,PROD-0027,3,49.99,0.0
ITEM-000202,ORD-000082,PROD-0001,2,199.99,20.0
ITEM-000203,ORD-000083,PROD-0041,2,29.99,0.0
ITEM-000204,ORD-000083,PROD-0028,1,34.99,1.75
ITEM-000205,ORD-000083,PROD-0026,3,39.99,0.0
ITEM-000206,ORD-000083,PROD-0031,1,34.99,1.75
ITEM-000207,ORD-000084,PROD-0005,2,279.99,28.0
ITEM-000208,ORD-000084,PROD-0003,3,89.99,13.5
ITEM-000209,ORD-000085,PROD-0011,1,24.99,0.0
ITEM-000210,ORD-000085,PROD-0026,1,39.99,0.0
ITEM-000211,ORD-000086,PROD-0025,3,119.99,18.0
ITEM-000212,ORD-000087,PROD-0042,1,189.99,0.0
ITEM-000213,ORD-000088,PROD-0031,1,34.99,0.0
ITEM-000214,ORD-000088,PROD-0045,3,69.99,0.0
ITEM-000215,ORD-000088,PROD-0010,2,44.99,0.0
ITEM-000216,ORD-000089,PROD-0032,1,19.99,0.0
ITEM-000217,ORD-000090,PROD-0046,1,149.99,0.0
ITEM-000218,ORD-000090,PROD-0027,1,49.99,5.0
ITEM-000219,ORD-000090,PROD-0019,1,49.99,0.0
ITEM-000220,ORD-000091,PROD-0047,3,17.99,0.0
ITEM-000221,ORD-000092,PROD-0017,1,64.99,0.0
ITEM-000222,ORD-000092,PROD-0030,2,139.99,14.0
ITEM-000223,ORD-000092,PROD-0004,2,39.99,8.0
ITEM-000224,ORD-000093,PROD-0022,2,149.99,15.0
ITEM-000225,ORD-000093,PROD-0023,3,249.99,0.0
ITEM-000226,ORD-000094,PROD-0030,2,139.99,28.0
ITEM-000227,ORD-000094,PROD-0018,1,14.99,0.0
ITEM-000228,ORD-000094,PROD-0025,3,119.99,0.0
ITEM-000229,ORD-000094,PROD-0045,1,69.99,0.0
ITEM-000230,ORD-000095,PROD-0012,2,59.99,0.0
ITEM-000231,ORD-000095,PROD-0040,3,21.99,0.0
ITEM-000232,ORD-000095,PROD-0025,2,119.99,24.0
ITEM-000233,ORD-000095,PROD-0050,1,449.99,45.0
ITEM-000234,ORD-000096,PROD-0001,3,199.99,0.0
ITEM-000235,ORD-000096,PROD-0046,3,149.99,22.5
ITEM-000236,ORD-000096,PROD-0044,3,19.99,0.0
ITEM-000237,ORD-000097,PROD-0010,1,44.99,0.0
ITEM-000238,ORD-000097,PROD-0036,3,22.99,6.9
ITEM-000239,ORD-000097,PROD-0040,2,21.99,0.0
ITEM-000240,ORD-000097,PROD-0004,1,39.99,4.0
ITEM-000241,ORD-000098,PROD-0036,2,22.99,4.6
ITEM-000242,ORD-000098,PROD-0042,1,189.99,19.0
ITEM-000243,ORD-000099,PROD-0008,3,29.99,0.0
ITEM-000244,ORD-000099,PROD-0032,2,19.99,0.0
ITEM-000245,ORD-000099,PROD-0048,1,22.99,0.0
ITEM-000246,ORD-000100,PROD-0042,2,189.99,19.0
ITEM-000247,ORD-000100,PROD-0043,2,24.99,0.0
ITEM-000248,ORD-000101,PROD-0046,1,149.99,0.0
ITEM-000249,ORD-000101,PROD-0043,3,24.99,0.0
ITEM-000250,ORD-000101,PROD-0024,1,99.99,5.0
ITEM-000251,ORD-000101,PROD-0029,2,27.99,2.8
ITEM-000252,ORD-000102,PROD-0032,3,19.99,6.0
ITEM-000253,ORD-000102,PROD-0009,3,34.99,0.0
ITEM-000254,ORD-000103,PROD-0007,1,49.99,0.0
ITEM-000255,ORD-000103,PROD-0049,2,16.99,3.4
ITEM-000256,ORD-000103,PROD-0027,3,49.99,0.0
ITEM-000257,ORD-000104,PROD-0038,1,89.99,0.0
ITEM-000258,ORD-000104,PROD-0031,3,34.99,0.0
ITEM-000259,ORD-000104,PROD-0033,1,79.99,8.0
ITEM-000260,ORD-000104,PROD-0050,3,449.99,67.5
ITEM-000261,ORD-000105,PROD-0018,2,14.99,1.5
ITEM-000262,ORD-000105,PROD-0026,2,39.99,0.0
ITEM-000263,ORD-000106,PROD-0046,3,149.99,0.0
ITEM-000264,ORD-000106,PROD-0048,3,22.99,3.45
ITEM-000265,ORD-000106,PROD-0036,3,22.99,0.0
ITEM-000266,ORD-000107,PROD-0036,3,22.99,6.9
ITEM-000267,ORD-000107,PROD-0031,3,34.99,5.25
ITEM-000268,ORD-000107,PROD-0038,2,89.99,0.0
ITEM-000269,ORD-000108,PROD-0043,1,24.99,0.0
ITEM-000270,ORD-000109,PROD-0045,2,69.99,0.0
ITEM-000271,ORD-000110,PROD-0048,3,22.99,6.9
ITEM-000272,ORD-000110,PROD-0042,3,189.99,28.5
ITEM-000273,ORD-000111,PROD-0036,3,22.99,3.45
ITEM-000274,ORD-000111,PROD-0004,1,39.99,4.0
ITEM-000275,ORD-000111,PROD-0001,1,199.99,10.0
ITEM-000276,ORD-000112,PROD-0012,3,59.99,0.0
ITEM-000277,ORD-000112,PROD-0044,2,19.99,2.0
ITEM-000278,ORD-000112,PROD-0005,1,279.99,0.0
ITEM-000279,ORD-000112,PROD-0048,2,22.99,0.0
ITEM-000280,ORD-000113,PROD-0050,3,449.99,67.5
ITEM-000281,ORD-000114,PROD-0012,1,59.99,0.0
ITEM-000282,ORD-000114,PROD-0034,2,28.99,5.8
ITEM-000283,ORD-000115,PROD-0022,1,149.99,15.0
ITEM-000284,ORD-000115,PROD-0024,3,99.99,0.0
ITEM-000285,ORD-000115,PROD-0019,1,49.99,2.5
ITEM-000286,ORD-000116,PROD-0003,2,89.99,18.0
ITEM-000287,ORD-000116,PROD-0044,1,19.99,2.0
ITEM-000288,ORD-000117,PROD-0033,1,79.99,4.0
ITEM-000289,ORD-000117,PROD-0029,3,27.99,0.0
ITEM-000290,ORD-000117,PROD-0032,2,19.99,0.0
ITEM-000291,ORD-000118,PROD-0041,1,29.99,0.0
ITEM-000292,ORD-000119,PROD-0042,1,189.99,0.0
ITEM-000293,ORD-000119,PROD-0005,2,279.99,0.0
ITEM-000294,ORD-000119,PROD-0048,1,22.99,0.0
ITEM-000295,ORD-000119,PROD-0044,3,19.99,0.0
ITEM-000296,ORD-000120,PROD-0028,3,34.99,0.0
ITEM-000297,ORD-000120,PROD-0021,3,299.99,0.0
ITEM-000298,ORD-000120,PROD-0002,3,349.99,0.0
ITEM-000299,ORD-000120,PROD-0025,1,119.99,6.0
ITEM-000300,ORD-000121,PROD-0019,2,49.99,10.0
ITEM-000301,ORD-000122,PROD-0009,2,34.99,3.5
ITEM-000302,ORD-000122,PROD-0048,3,22.99,0.0
ITEM-000303,ORD-000123,PROD-0008,1,29.99,3.0
ITEM-000304,ORD-000123,PROD-0003,3,89.99,0.0
ITEM-000305,ORD-000124,PROD-0042,1,189.99,0.0
ITEM-000306,ORD-000124,PROD-0033,2,79.99,0.0
ITEM-000307,ORD-000124,PROD-0010,3,44.99,0.0
ITEM-000308,ORD-000124,PROD-0011,3,24.99,7.5
ITEM-000309,ORD-000125,PROD-0013,3,129.99,39.0
ITEM-000310,ORD-000126,PROD-0040,2,21.99,4.4
ITEM-000311,ORD-000126,PROD-0005,3,279.99,42.0
ITEM-000312,ORD-000126,PROD-0013,1,129.99,6.5
ITEM-000313,ORD-000127,PROD-0046,3,149.99,45.0
ITEM-000314,ORD-000127,PROD-0048,2,22.99,0.0
ITEM-000315,ORD-000128,PROD-0032,1,19.99,0.0
ITEM-000316,ORD-000128,PROD-0036,1,22.99,0.0
ITEM-000317,ORD-000128,PROD-0007,3,49.99,0.0
ITEM-000318,ORD-000129,PROD-0050,3,449.99,67.5
ITEM-000319,ORD-000129,PROD-0038,3,89.99,27.0
ITEM-000320,ORD-000129,PROD-0014,3,34.99,0.0
ITEM-000321,ORD-000129,PROD-0003,2,89.99,18.0
ITEM-000322,ORD-000130,PROD-0026,2,39.99,0.0
ITEM-000323,ORD-000131,PROD-0011,1,24.99,2.5
ITEM-000324,ORD-000131,PROD-0012,1,59.99,0.0
ITEM-000325,ORD-000131,PROD-0037,1,18.99,0.0
ITEM-000326,ORD-000131,PROD-0043,1,24.99,0.0
ITEM-000327,ORD-000132,PROD-0003,3,89.99,13.5
ITEM-000328,ORD-000133,PROD-0025,2,119.99,12.0
ITEM-000329,ORD-000133,PROD-0042,3,189.99,0.0
ITEM-000330,ORD-000134,PROD-0023,1,249.99,0.0
ITEM-000331,ORD-000134,PROD-0032,2,19.99,0.0
ITEM-000332,ORD-000134,PROD-0031,1,34.99,0.0
ITEM-000333,ORD-000134,PROD-0039,3,32.99,4.95
ITEM-000334,ORD-000135,PROD-0043,1,24.99,2.5
ITEM-000335,ORD-000136,PROD-0038,3,89.99,27.0
ITEM-000336,ORD-000136,PROD-0011,3,24.99,0.0
ITEM-000337,ORD-000137,PROD-0011,2,24.99,0.0
ITEM-000338,ORD-000138,PROD-0029,2,27.99,5.6
ITEM-000339,ORD-000138,PROD-0039,2,32.99,0.0
ITEM-000340,ORD-000139,PROD-0015,2,29.99,6.0
ITEM-000341,ORD-000140,PROD-0010,2,44.99,0.0
ITEM-000342,ORD-000140,PROD-0039,3,32.99,0.0
ITEM-000343,ORD-000140,PROD-0007,1,49.99,5.0
ITEM-000344,ORD-000140,PROD-0012,3,59.99,0.0
ITEM-000345,ORD-000141,PROD-0024,2,99.99,0.0
ITEM-000346,ORD-000141,PROD-0003,2,89.99,18.0
ITEM-000347,ORD-000141,PROD-0045,2,69.99,0.0
ITEM-000348,ORD-000141,PROD-0034,2,28.99,0.0
ITEM-000349,ORD-000142,PROD-0019,3,49.99,15.0
ITEM-000350,ORD-000143,PROD-0037,3,18.99,0.0
ITEM-000351,ORD-000144,PROD-0027,1,49.99,5.0
ITEM-000352,ORD-000144,PROD-0024,3,99.99,15.0
ITEM-000353,ORD-000144,PROD-0007,2,49.99,10.0
ITEM-000354,ORD-000145,PROD-0049,3,16.99,5.1
ITEM-000355,ORD-000145,PROD-0014,1,34.99,1.75
ITEM-000356,ORD-000145,PROD-0027,3,49.99,15.0
ITEM-000357,ORD-000145,PROD-0036,2,22.99,2.3
ITEM-000358,ORD-000146,PROD-0043,3,24.99,0.0
ITEM-000359,ORD-000146,PROD-0008,2,29.99,0.0
ITEM-000360,ORD-000147,PROD-0036,3,22.99,0.0
ITEM-000361,ORD-000147,PROD-0040,1,21.99,2.2
ITEM-000362,ORD-000147,PROD-0045,3,69.99,0.0
ITEM-000363,ORD-000148,PROD-0006,2,59.99,0.0
ITEM-000364,ORD-000148,PROD-0005,3,279.99,84.0
ITEM-000365,ORD-000148,PROD-0017,2,64.99,6.5
ITEM-000366,ORD-000148,PROD-0015,3,29.99,0.0
ITEM-000367,ORD-000149,PROD-0013,3,129.99,0.0
ITEM-000368,ORD-000149,PROD-0003,3,89.99,0.0
ITEM-000369,ORD-000149,PROD-0039,3,32.99,0.0
ITEM-000370,ORD-000150,PROD-0026,1,39.99,0.0
ITEM-000371,ORD-000150,PROD-0038,3,89.99,13.5
ITEM-000372,ORD-000150,PROD-0013,3,129.99,19.5
ITEM-000373,ORD-000150,PROD-0034,2,28.99,0.0
ITEM-000374,ORD-000151,PROD-0017,1,64.99,6.5
ITEM-000375,ORD-000152,PROD-0022,2,149.99,15.0
ITEM-000376,ORD-000152,PROD-0008,3,29.99,9.0
ITEM-000377,ORD-000152,PROD-0033,2,79.99,16.0
ITEM-000378,ORD-000153,PROD-0038,2,89.99,0.0
ITEM-000379,ORD-000153,PROD-0002,2,349.99,0.0
ITEM-000380,ORD-000153,PROD-0031,3,34.99,0.0
ITEM-000381,ORD-000153,PROD-0008,2,29.99,6.0
ITEM-000382,ORD-000154,PROD-0006,3,59.99,9.0
ITEM-000383,ORD-000154,PROD-0026,2,39.99,4.0
ITEM-000384,ORD-000154,PROD-0044,3,19.99,3.0
ITEM-000385,ORD-000155,PROD-0017,1,64.99,0.0
ITEM-000386,ORD-000155,PROD-0014,3,34.99,5.25
ITEM-000387,ORD-000156,PROD-0040,1,21.99,2.2
ITEM-000388,ORD-000156,PROD-0001,2,199.99,20.0
ITEM-000389,ORD-000156,PROD-0049,2,16.99,1.7
ITEM-000390,ORD-000156,PROD-0035,2,59.99,0.0
ITEM-000391,ORD-000157,PROD-0004,2,39.99,8.0
ITEM-000392,ORD-000157,PROD-0034,3,28.99,0.0
ITEM-000393,ORD-000158,PROD-0045,3,69.99,21.0
ITEM-000394,ORD-000159,PROD-0021,2,299.99,30.0
ITEM-000395,ORD-000160,PROD-0024,2,99.99,0.0
ITEM-000396,ORD-000160,PROD-0012,2,59.99,6.0
ITEM-000397,ORD-000160,PROD-0032,2,19.99,4.0
ITEM-000398,ORD-000161,PROD-0007,2,49.99,0.0
ITEM-000399,ORD-000161,PROD-0047,2,17.99,0.0
ITEM-000400,ORD-000162,PROD-0032,3,19.99,3.0
ITEM-000401,ORD-000162,PROD-0009,2,34.99,3.5
ITEM-000402,ORD-000162,PROD-0041,3,29.99,0.0
ITEM-000403,ORD-000162,PROD-0034,3,28.99,0.0
ITEM-000404,ORD-000163,PROD-0024,2,99.99,0.0
ITEM-000405,ORD-000163,PROD-0036,2,22.99,0.0
ITEM-000406,ORD-000163,PROD-0017,3,64.99,0.0
ITEM-000407,ORD-000164,PROD-0006,2,59.99,0.0
ITEM-000408,ORD-000164,PROD-0025,3,119.99,18.0
ITEM-000409,ORD-000164,PROD-0040,3,21.99,6.6
ITEM-000410,ORD-000164,PROD-0019,1,49.99,0.0
ITEM-000411,ORD-000165,PROD-0039,2,32.99,6.6
ITEM-000412,ORD-000165,PROD-0042,2,189.99,38.0
ITEM-000413,ORD-000165,PROD-0026,2,39.99,0.0
ITEM-000414,ORD-000166,PROD-0048,1,22.99,0.0
ITEM-000415,ORD-000166,PROD-0045,2,69.99,0.0
ITEM-000416,ORD-000166,PROD-0006,1,59.99,0.0
ITEM-000417,ORD-000167,PROD-0007,2,49.99,0.0
ITEM-000418,ORD-000168,PROD-0029,1,27.99,0.0
ITEM-000419,ORD-000168,PROD-0041,2,29.99,6.0
ITEM-000420,ORD-000168,PROD-0009,3,34.99,5.25
ITEM-000421,ORD-000169,PROD-0034,2,28.99,5.8
ITEM-000422,ORD-000169,PROD-0041,1,29.99,3.0
ITEM-000423,ORD-000169,PROD-0035,2,59.99,6.0
ITEM-000424,ORD-000169,PROD-0020,1,39.99,0.0
ITEM-000425,ORD-000170,PROD-0045,2,69.99,14.0
ITEM-000426,ORD-000171,PROD-0039,3,32.99,4.95
ITEM-000427,ORD-000171,PROD-0015,1,29.99,3.0
ITEM-000428,ORD-000171,PROD-0001,3,199.99,60.0
ITEM-000429,ORD-000172,PROD-0025,2,119.99,0.0
ITEM-000430,ORD-000172,PROD-0015,3,29.99,4.5
ITEM-000431,ORD-000172,PROD-0017,2,64.99,6.5
ITEM-000432,ORD-000172,PROD-0006,2,59.99,0.0
ITEM-000433,ORD-000173,PROD-0040,3,21.99,6.6
ITEM-000434,ORD-000173,PROD-0029,1,27.99,0.0
ITEM-000435,ORD-000173,PROD-0018,1,14.99,0.0
ITEM-000436,ORD-000173,PROD-0045,1,69.99,7.0
ITEM-000437,ORD-000174,PROD-0022,2,149.99,30.0
ITEM-000438,ORD-000174,PROD-0027,2,49.99,0.0
ITEM-000439,ORD-000175,PROD-0012,1,59.99,0.0
ITEM-000440,ORD-000175,PROD-0013,3,129.99,0.0
ITEM-000441,ORD-000175,PROD-0017,2,64.99,0.0
ITEM-000442,ORD-000175,PROD-0025,1,119.99,0.0
ITEM-000443,ORD-000176,PROD-0021,3,299.99,0.0
ITEM-000444,ORD-000176,PROD-0011,3,24.99,0.0
ITEM-000445,ORD-000176,PROD-0041,2,29.99,6.0
ITEM-000446,ORD-000177,PROD-0008,3,29.99,9.0
ITEM-000447,ORD-000177,PROD-0016,2,79.99,0.0
ITEM-000448,ORD-000178,PROD-0026,1,39.99,0.0
ITEM-000449,ORD-000179,PROD-0050,1,449.99,45.0
ITEM-000450,ORD-000179,PROD-0006,3,59.99,9.0
ITEM-000451,ORD-000179,PROD-0016,3,79.99,0.0
ITEM-000452,ORD-000180,PROD-0036,2,22.99,4.6
ITEM-000453,ORD-000180,PROD-0042,1,189.99,19.0
ITEM-000454,ORD-000180,PROD-0049,1,16.99,0.85
ITEM-000455,ORD-000181,PROD-0013,2,129.99,13.0
ITEM-000456,ORD-000181,PROD-0037,3,18.99,5.7
ITEM-000457,ORD-000181,PROD-0012,2,59.99,0.0
ITEM-000458,ORD-000181,PROD-0035,1,59.99,0.0
ITEM-000459,ORD-000182,PROD-0030,3,139.99,42.0
ITEM-000460,ORD-000182,PROD-0001,3,199.99,0.0
ITEM-000461,ORD-000182,PROD-0050,1,449.99,22.5
ITEM-000462,ORD-000183,PROD-0013,3,129.99,0.0
ITEM-000463,ORD-000183,PROD-0034,3,28.99,4.35
ITEM-000464,ORD-000183,PROD-0044,2,19.99,4.0
ITEM-000465,ORD-000183,PROD-0032,3,19.99,3.0
ITEM-000466,ORD-000184,PROD-0012,1,59.99,0.0
ITEM-000467,ORD-000184,PROD-0003,1,89.99,0.0
ITEM-000468,ORD-000185,PROD-0004,3,39.99,0.0
ITEM-000469,ORD-000185,PROD-0024,1,99.99,0.0
ITEM-000470,ORD-000185,PROD-0015,3,29.99,9.0
ITEM-000471,ORD-000186,PROD-0036,2,22.99,0.0
ITEM-000472,ORD-000186,PROD-0048,2,22.99,0.0
ITEM-000473,ORD-000186,PROD-0027,2,49.99,0.0
ITEM-000474,ORD-000187,PROD-0013,3,129.99,0.0
ITEM-000475,ORD-000187,PROD-0034,3,28.99,8.7
ITEM-000476,ORD-000187,PROD-0043,3,24.99,0.0
ITEM-000477,ORD-000187,PROD-0016,3,79.99,12.0
ITEM-000478,ORD-000188,PROD-0036,3,22.99,3.45
ITEM-000479,ORD-000188,PROD-0026,3,39.99,12.0
ITEM-000480,ORD-000189,PROD-0047,3,17.99,0.0
ITEM-000481,ORD-000189,PROD-0021,3,299.99,45.0
ITEM-000482,ORD-000189,PROD-0039,2,32.99,6.6
ITEM-000483,ORD-000189,PROD-0016,1,79.99,0.0
ITEM-000484,ORD-000190,PROD-0020,1,39.99,0.0
ITEM-000485,ORD-000191,PROD-0007,2,49.99,5.0
ITEM-000486,ORD-000191,PROD-0003,1,89.99,0.0
ITEM-000487,ORD-000192,PROD-0017,1,64.99,6.5
ITEM-000488,ORD-000192,PROD-0020,1,39.99,0.0
ITEM-000489,ORD-000193,PROD-0039,3,32.99,4.95
ITEM-000490,ORD-000194,PROD-0050,1,449.99,22.5
ITEM-000491,ORD-000195,PROD-0048,3,22.99,0.0
ITEM-000492,ORD-000195,PROD-0042,3,189.99,57.0
ITEM-000493,ORD-000196,PROD-0035,2,59.99,0.0
ITEM-000494,ORD-000196,PROD-0037,3,18.99,5.7
ITEM-000495,ORD-000196,PROD-0010,3,44.99,0.0
ITEM-000496,ORD-000197,PROD-0031,3,34.99,0.0
ITEM-000497,ORD-000198,PROD-0049,2,16.99,0.0
ITEM-000498,ORD-000198,PROD-0009,3,34.99,0.0
ITEM-000499,ORD-000199,PROD-0021,1,299.99,30.0
ITEM-000500,ORD-000199,PROD-0044,2,19.99,0.0
ITEM-000501,ORD-000199,PROD-0037,3,18.99,0.0
ITEM-000502,ORD-000199,PROD-0006,1,59.99,3.0
ITEM-000503,ORD-000200,PROD-0013,2,129.99,0.0
ITEM-000504,ORD-000200,PROD-0044,3,19.99,0.0
ITEM-000505,ORD-000201,PROD-0019,2,49.99,0.0
ITEM-000506,ORD-000201,PROD-0001,2,199.99,0.0
ITEM-000507,ORD-000202,PROD-0036,3,22.99,0.0
ITEM-000508,ORD-000202,PROD-0031,3,34.99,0.0
ITEM-000509,ORD-000202,PROD-0040,2,21.99,0.0
ITEM-000510,ORD-000203,PROD-0004,1,39.99,0.0
ITEM-000511,ORD-000203,PROD-0030,2,139.99,14.0
ITEM-000512,ORD-000203,PROD-0042,1,189.99,9.5
ITEM-000513,ORD-000204,PROD-0021,2,299.99,0.0
ITEM-000514,ORD-000205,PROD-0003,1,89.99,4.5
ITEM-000515,ORD-000206,PROD-0044,2,19.99,0.0
ITEM-000516,ORD-000206,PROD-0023,3,249.99,37.5
ITEM-000517,ORD-000206,PROD-0041,3,29.99,4.5
ITEM-000518,ORD-000207,PROD-0043,2,24.99,0.0
ITEM-000519,ORD-000207,PROD-0009,3,34.99,0.0
ITEM-000520,ORD-000207,PROD-0006,2,59.99,6.0
ITEM-000521,ORD-000207,PROD-0047,1,17.99,0.0
ITEM-000522,ORD-000208,PROD-0028,1,34.99,0.0
ITEM-000523,ORD-000208,PROD-0050,3,449.99,0.0
ITEM-000524,ORD-000209,PROD-0020,3,39.99,6.0
ITEM-000525,ORD-000209,PROD-0029,1,27.99,0.0
ITEM-000526,ORD-000209,PROD-0048,1,22.99,1.15
ITEM-000527,ORD-000209,PROD-0041,3,29.99,0.0
ITEM-000528,ORD-000210,PROD-0009,3,34.99,5.25
ITEM-000529,ORD-000210,PROD-0033,1,79.99,8.0
ITEM-000530,ORD-000210,PROD-0039,2,32.99,6.6
ITEM-000531,ORD-000210,PROD-0031,1,34.99,0.0
ITEM-000532,ORD-000211,PROD-0018,2,14.99,0.0
ITEM-000533,ORD-000212,PROD-0029,2,27.99,2.8
ITEM-000534,ORD-000212,PROD-0040,1,21.99,2.2
ITEM-000535,ORD-000213,PROD-0034,1,28.99,2.9
ITEM-000536,ORD-000214,PROD-0036,2,22.99,0.0
ITEM-000537,ORD-000215,PROD-0030,2,139.99,0.0
ITEM-000538,ORD-000215,PROD-0011,3,24.99,0.0
ITEM-000539,ORD-000215,PROD-0028,2,34.99,7.0
ITEM-000540,ORD-000216,PROD-0050,3,449.99,0.0
ITEM-000541,ORD-000216,PROD-0038,2,89.99,18.0
ITEM-000542,ORD-000217,PROD-0046,1,149.99,0.0
ITEM-000543,ORD-000217,PROD-0047,1,17.99,1.8
ITEM-000544,ORD-000218,PROD-0025,2,119.99,0.0
ITEM-000545,ORD-000218,PROD-0036,1,22.99,1.15
ITEM-000546,ORD-000219,PROD-0027,2,49.99,5.0
ITEM-000547,ORD-000220,PROD-0013,3,129.99,19.5
ITEM-000548,ORD-000220,PROD-0001,3,199.99,0.0
ITEM-000549,ORD-000221,PROD-0030,3,139.99,0.0
ITEM-000550,ORD-000221,PROD-0027,1,49.99,2.5
ITEM-000551,ORD-000221,PROD-0029,3,27.99,0.0
ITEM-000552,ORD-000221,PROD-0006,1,59.99,0.0
ITEM-000553,ORD-000222,PROD-0003,3,89.99,13.5
ITEM-000554,ORD-000222,PROD-0043,1,24.99,0.0
ITEM-000555,ORD-000223,PROD-0030,3,139.99,21.0
ITEM-000556,ORD-000223,PROD-0048,1,22.99,0.0
ITEM-000557,ORD-000224,PROD-0049,2,16.99,0.0
ITEM-000558,ORD-000225,PROD-0022,3,149.99,0.0
ITEM-000559,ORD-000225,PROD-0034,3,28.99,0.0
ITEM-000560,ORD-000225,PROD-0027,3,49.99,0.0
ITEM-000561,ORD-000226,PROD-0017,3,64.99,9.75
ITEM-000562,ORD-000226,PROD-0034,1,28.99,2.9
ITEM-000563,ORD-000226,PROD-0037,3,18.99,5.7
ITEM-000564,ORD-000227,PROD-0046,1,149.99,0.0
ITEM-000565,ORD-000227,PROD-0019,1,49.99,0.0
ITEM-000566,ORD-000228,PROD-0027,3,49.99,0.0
ITEM-000567,ORD-000228,PROD-0003,1,89.99,0.0
ITEM-000568,ORD-000228,PROD-0022,3,149.99,22.5
ITEM-000569,ORD-000228,PROD-0023,2,249.99,0.0
ITEM-000570,ORD-000229,PROD-0050,3,449.99,67.5
ITEM-000571,ORD-000229,PROD-0001,2,199.99,40.0
ITEM-000572,ORD-000229,PROD-0008,3,29.99,0.0
ITEM-000573,ORD-000230,PROD-0031,2,34.99,0.0
ITEM-000574,ORD-000230,PROD-0003,3,89.99,27.0
ITEM-000575,ORD-000230,PROD-0042,3,189.99,28.5
ITEM-000576,ORD-000230,PROD-0009,2,34.99,7.0
ITEM-000577,ORD-000231,PROD-0014,3,34.99,5.25
ITEM-000578,ORD-000232,PROD-0022,2,149.99,0.0
ITEM-000579,ORD-000233,PROD-0046,2,149.99,30.0
ITEM-000580,ORD-000233,PROD-0021,1,299.99,30.0
ITEM-000581,ORD-000233,PROD-0003,1,89.99,4.5
ITEM-000582,ORD-000234,PROD-0012,1,59.99,0.0
ITEM-000583,ORD-000234,PROD-0008,2,29.99,0.0
ITEM-000584,ORD-000234,PROD-0024,3,99.99,0.0
ITEM-000585,ORD-000235,PROD-0034,3,28.99,0.0
ITEM-000586,ORD-000236,PROD-0020,1,39.99,0.0
ITEM-000587,ORD-000237,PROD-0041,1,29.99,0.0
ITEM-000588,ORD-000237,PROD-0014,3,34.99,5.25
ITEM-000589,ORD-000237,PROD-0021,3,299.99,0.0
ITEM-000590,ORD-000238,PROD-0014,3,34.99,5.25
ITEM-000591,ORD-000239,PROD-0037,1,18.99,0.95
ITEM-000592,ORD-000239,PROD-0016,3,79.99,12.0
ITEM-000593,ORD-000239,PROD-0011,3,24.99,7.5
ITEM-000594,ORD-000240,PROD-0007,2,49.99,0.0
ITEM-000595,ORD-000241,PROD-0040,1,21.99,0.0
ITEM-000596,ORD-000241,PROD-0023,2,249.99,0.0
ITEM-000597,ORD-000241,PROD-0020,1,39.99,4.0
ITEM-000598,ORD-000241,PROD-0022,1,149.99,15.0
ITEM-000599,ORD-000242,PROD-0040,2,21.99,4.4
ITEM-000600,ORD-000242,PROD-0017,3,64.99,9.75
ITEM-000601,ORD-000243,PROD-0008,1,29.99,1.5
ITEM-000602,ORD-000243,PROD-0023,3,249.99,0.0
ITEM-000603,ORD-000243,PROD-0031,2,34.99,0.0
ITEM-000604,ORD-000243,PROD-0030,3,139.99,0.0
ITEM-000605,ORD-000244,PROD-0040,3,21.99,0.0
ITEM-000606,ORD-000244,PROD-0016,2,79.99,0.0
ITEM-000607,ORD-000245,PROD-0035,1,59.99,0.0
ITEM-000608,ORD-000245,PROD-0045,3,69.99,21.0
ITEM-000609,ORD-000245,PROD-0016,1,79.99,8.0
ITEM-000610,ORD-000246,PROD-0026,1,39.99,4.0
ITEM-000611,ORD-000246,PROD-0005,3,279.99,0.0
ITEM-000612,ORD-000246,PROD-0039,1,32.99,0.0
ITEM-000613,ORD-000247,PROD-0013,2,129.99,13.0
ITEM-000614,ORD-000247,PROD-0014,2,34.99,3.5
ITEM-000615,ORD-000247,PROD-0044,3,19.99,0.0
ITEM-000616,ORD-000247,PROD-0021,3,299.99,90.0
ITEM-000617,ORD-000248,PROD-0046,3,149.99,22.5
ITEM-000618,ORD-000249,PROD-0041,2,29.99,6.0
ITEM-000619,ORD-000249,PROD-0021,2,299.99,0.0
ITEM-000620,ORD-000249,PROD-0046,3,149.99,0.0
ITEM-000621,ORD-000249,PROD-0025,2,119.99,0.0
ITEM-000622,ORD-000250,PROD-0010,1,44.99,0.0
ITEM-000623,ORD-000250,PROD-0019,1,49.99,0.0
ITEM-000624,ORD-000250,PROD-0043,1,24.99,2.5
ITEM-000625,ORD-000250,PROD-0009,3,34.99,10.5
ITEM-000626,ORD-000251,PROD-0030,3,139.99,0.0
ITEM-000627,ORD-000251,PROD-0045,2,69.99,14.0
ITEM-000628,ORD-000251,PROD-0039,3,32.99,9.9
ITEM-000629,ORD-000251,PROD-0028,2,34.99,3.5
ITEM-000630,ORD-000252,PROD-0047,2,17.99,3.6
ITEM-000631,ORD-000252,PROD-0016,3,79.99,12.0
ITEM-000632,ORD-000252,PROD-0046,3,149.99,22.5
ITEM-000633,ORD-000252,PROD-0033,2,79.99,0.0
ITEM-000634,ORD-000253,PROD-0016,2,79.99,0.0
ITEM-000635,ORD-000254,PROD-0031,2,34.99,7.0
ITEM-000636,ORD-000255,PROD-0003,3,89.99,13.5
ITEM-000637,ORD-000255,PROD-0045,3,69.99,10.5
ITEM-000638,ORD-000256,PROD-0019,2,49.99,0.0
ITEM-000639,ORD-000257,PROD-0017,2,64.99,6.5
ITEM-000640,ORD-000257,PROD-0009,2,34.99,0.0
ITEM-000641,ORD-000257,PROD-0040,3,21.99,0.0
ITEM-000642,ORD-000258,PROD-0043,2,24.99,0.0
ITEM-000643,ORD-000258,PROD-0029,2,27.99,0.0
ITEM-000644,ORD-000259,PROD-0022,1,149.99,0.0
ITEM-000645,ORD-000260,PROD-0050,2,449.99,0.0
ITEM-000646,ORD-000260,PROD-0025,1,119.99,6.0
ITEM-000647,ORD-000260,PROD-0016,1,79.99,4.0
ITEM-000648,ORD-000260,PROD-0043,1,24.99,0.0
ITEM-000649,ORD-000261,PROD-0031,3,34.99,0.0
ITEM-000650,ORD-000261,PROD-0048,3,22.99,6.9
ITEM-000651,ORD-000261,PROD-0049,1,16.99,1.7
ITEM-000652,ORD-000262,PROD-0007,3,49.99,7.5
ITEM-000653,ORD-000263,PROD-0017,3,64.99,19.5
ITEM-000654,ORD-000264,PROD-0021,1,299.99,0.0
ITEM-000655,ORD-000264,PROD-0036,1,22.99,0.0
ITEM-000656,ORD-000265,PROD-0023,2,249.99,0.0
ITEM-000657,ORD-000265,PROD-0015,1,29.99,0.0
ITEM-000658,ORD-000265,PROD-0047,3,17.99,0.0
ITEM-000659,ORD-000265,PROD-0019,1,49.99,0.0
ITEM-000660,ORD-000266,PROD-0025,3,119.99,0.0
ITEM-000661,ORD-000266,PROD-0043,3,24.99,0.0
ITEM-000662,ORD-000267,PROD-0045,2,69.99,0.0
ITEM-000663,ORD-000267,PROD-0043,2,24.99,0.0
ITEM-000664,ORD-000267,PROD-0050,2,449.99,0.0
ITEM-000665,ORD-000267,PROD-0021,2,299.99,0.0
ITEM-000666,ORD-000268,PROD-0007,2,49.99,0.0
ITEM-000667,ORD-000268,PROD-0010,1,44.99,4.5
ITEM-000668,ORD-000268,PROD-0035,1,59.99,0.0
ITEM-000669,ORD-000268,PROD-0050,2,449.99,0.0
ITEM-000670,ORD-000269,PROD-0018,2,14.99,0.0
ITEM-000671,ORD-000269,PROD-0010,3,44.99,13.5
ITEM-000672,ORD-000269,PROD-0045,2,69.99,14.0
ITEM-000673,ORD-000269,PROD-0022,2,149.99,0.0
ITEM-000674,ORD-000270,PROD-0008,2,29.99,3.0
ITEM-000675,ORD-000270,PROD-0037,2,18.99,0.0
ITEM-000676,ORD-000270,PROD-0035,3,59.99,0.0
ITEM-000677,ORD-000270,PROD-0023,2,249.99,25.0
ITEM-000678,ORD-000271,PROD-0012,1,59.99,6.0
ITEM-000679,ORD-000271,PROD-0036,3,22.99,0.0
ITEM-000680,ORD-000272,PROD-0032,2,19.99,0.0
ITEM-000681,ORD-000272,PROD-0006,1,59.99,0.0
ITEM-000682,ORD-000272,PROD-0041,1,29.99,0.0
ITEM-000683,ORD-000273,PROD-0032,1,19.99,0.0
ITEM-000684,ORD-000273,PROD-0035,2,59.99,0.0
ITEM-000685,ORD-000273,PROD-0029,1,27.99,2.8
ITEM-000686,ORD-000274,PROD-0003,3,89.99,0.0
ITEM-000687,ORD-000275,PROD-0045,1,69.99,0.0
ITEM-000688,ORD-000275,PROD-0042,1,189.99,9.5
ITEM-000689,ORD-000276,PROD-0007,1,49.99,5.0
ITEM-000690,ORD-000277,PROD-0048,2,22.99,0.0
ITEM-000691,ORD-000277,PROD-0044,3,19.99,0.0
ITEM-000692,ORD-000277,PROD-0026,1,39.99,0.0
ITEM-000693,ORD-000278,PROD-0011,1,24.99,2.5
ITEM-000694,ORD-000278,PROD-0045,3,69.99,0.0
ITEM-000695,ORD-000278,PROD-0024,3,99.99,30.0
ITEM-000696,ORD-000278,PROD-0036,1,22.99,2.3
ITEM-000697,ORD-000279,PROD-0027,2,49.99,0.0
ITEM-000698,ORD-000279,PROD-0045,1,69.99,0.0
ITEM-000699,ORD-000279,PROD-0050,3,449.99,67.5
ITEM-000700,ORD-000280,PROD-0039,1,32.99,3.3
ITEM-000701,ORD-000281,PROD-0013,3,129.99,0.0
ITEM-000702,ORD-000281,PROD-0008,3,29.99,0.0
ITEM-000703,ORD-000282,PROD-0044,2,19.99,0.0
ITEM-000704,ORD-000282,PROD-0031,1,34.99,0.0
ITEM-000705,ORD-000283,PROD-0003,3,89.99,0.0
ITEM-000706,ORD-000283,PROD-0007,1,49.99,5.0
ITEM-000707,ORD-000283,PROD-0048,1,22.99,0.0
ITEM-000708,ORD-000283,PROD-0004,3,39.99,6.0
ITEM-000709,ORD-000284,PROD-0007,3,49.99,15.0
ITEM-000710,ORD-000284,PROD-0016,2,79.99,0.0
ITEM-000711,ORD-000285,PROD-0012,2,59.99,0.0
ITEM-000712,ORD-000285,PROD-0025,3,119.99,18.0
ITEM-000713,ORD-000285,PROD-0024,2,99.99,0.0
ITEM-000714,ORD-000285,PROD-0009,2,34.99,0.0
ITEM-000715,ORD-000286,PROD-0030,2,139.99,0.0
ITEM-000716,ORD-000286,PROD-0027,3,49.99,0.0
ITEM-000717,ORD-000286,PROD-0011,3,24.99,0.0
ITEM-000718,ORD-000286,PROD-0049,3,16.99,0.0
ITEM-000719,ORD-000287,PROD-0030,2,139.99,0.0
ITEM-000720,ORD-000287,PROD-0018,1,14.99,0.75
ITEM-000721,ORD-000287,PROD-0001,2,199.99,0.0
ITEM-000722,ORD-000287,PROD-0047,3,17.99,0.0
ITEM-000723,ORD-000288,PROD-0047,2,17.99,3.6
ITEM-000724,ORD-000288,PROD-0050,3,449.99,0.0
ITEM-000725,ORD-000288,PROD-0033,1,79.99,0.0
ITEM-000726,ORD-000288,PROD-0003,1,89.99,9.0
ITEM-000727,ORD-000289,PROD-0002,2,349.99,35.0
ITEM-000728,ORD-000290,PROD-0030,2,139.99,0.0
ITEM-000729,ORD-000291,PROD-0046,2,149.99,15.0
ITEM-000730,ORD-000291,PROD-0041,3,29.99,0.0
ITEM-000731,ORD-000291,PROD-0001,2,199.99,40.0
ITEM-000732,ORD-000291,PROD-0005,2,279.99,0.0
ITEM-000733,ORD-000292,PROD-0004,2,39.99,8.0
ITEM-000734,ORD-000292,PROD-0008,3,29.99,0.0
ITEM-000735,ORD-000292,PROD-0025,2,119.99,12.0
ITEM-000736,ORD-000293,PROD-0016,3,79.99,24.0
ITEM-000737,ORD-000293,PROD-0035,3,59.99,0.0
ITEM-000738,ORD-000293,PROD-0008,1,29.99,1.5
ITEM-000739,ORD-000294,PROD-0023,3,249.99,0.0
ITEM-000740,ORD-000294,PROD-0029,3,27.99,4.2
ITEM-000741,ORD-000294,PROD-0032,2,19.99,0.0
ITEM-000742,ORD-000295,PROD-0005,2,279.99,0.0
ITEM-000743,ORD-000295,PROD-0007,2,49.99,0.0
ITEM-000744,ORD-000295,PROD-0011,3,24.99,0.0
ITEM-000745,ORD-000296,PROD-0048,1,22.99,0.0
ITEM-000746,ORD-000296,PROD-0042,3,189.99,28.5
ITEM-000747,ORD-000296,PROD-0002,2,349.99,35.0
ITEM-000748,ORD-000296,PROD-0019,3,49.99,15.0
ITEM-000749,ORD-000297,PROD-0015,2,29.99,0.0
ITEM-000750,ORD-000297,PROD-0031,2,34.99,7.0
ITEM-000751,ORD-000297,PROD-0024,3,99.99,0.0
ITEM-000752,ORD-000298,PROD-0011,1,24.99,0.0
ITEM-000753,ORD-000298,PROD-0016,2,79.99,0.0
ITEM-000754,ORD-000299,PROD-0036,1,22.99,1.15
ITEM-000755,ORD-000299,PROD-0046,1,149.99,7.5
ITEM-000756,ORD-000300,PROD-0050,1,449.99,0.0
ITEM-000757,ORD-000300,PROD-0010,3,44.99,6.75
ITEM-000758,ORD-000300,PROD-0030,2,139.99,28.0
ITEM-000759,ORD-000300,PROD-0021,3,299.99,0.0
ITEM-000760,ORD-000301,PROD-0003,1,89.99,4.5
ITEM-000761,ORD-000301,PROD-0009,1,34.99,3.5
ITEM-000762,ORD-000301,PROD-0044,3,19.99,0.0
ITEM-000763,ORD-000301,PROD-0036,2,22.99,2.3
ITEM-000764,ORD-000302,PROD-0038,1,89.99,4.5
ITEM-000765,ORD-000302,PROD-0034,1,28.99,0.0
ITEM-000766,ORD-000303,PROD-0013,3,129.99,0.0
ITEM-000767,ORD-000303,PROD-0032,3,19.99,3.0
ITEM-000768,ORD-000303,PROD-0021,2,299.99,0.0
ITEM-000769,ORD-000303,PROD-0039,3,32.99,9.9
ITEM-000770,ORD-000304,PROD-0023,3,249.99,0.0
ITEM-000771,ORD-000304,PROD-0020,2,39.99,8.0
ITEM-000772,ORD-000304,PROD-0029,2,27.99,0.0
ITEM-000773,ORD-000305,PROD-0010,1,44.99,2.25
ITEM-000774,ORD-000306,PROD-0006,2,59.99,12.0
ITEM-000775,ORD-000306,PROD-0001,1,199.99,20.0
ITEM-000776,ORD-000306,PROD-0027,3,49.99,0.0
ITEM-000777,ORD-000306,PROD-0041,1,29.99,0.0
ITEM-000778,ORD-000307,PROD-0020,3,39.99,6.0
ITEM-000779,ORD-000308,PROD-0020,1,39.99,2.0
ITEM-000780,ORD-000308,PROD-0041,2,29.99,0.0
ITEM-000781,ORD-000308,PROD-0031,2,34.99,0.0
ITEM-000782,ORD-000309,PROD-0041,3,29.99,0.0
ITEM-000783,ORD-000309,PROD-0044,2,19.99,0.0
ITEM-000784,ORD-000309,PROD-0031,2,34.99,0.0
ITEM-000785,ORD-000310,PROD-0023,1,249.99,12.5
ITEM-000786,ORD-000310,PROD-0011,3,24.99,3.75
ITEM-000787,ORD-000311,PROD-0039,1,32.99,1.65
ITEM-000788,ORD-000312,PROD-0010,3,44.99,6.75
ITEM-000789,ORD-000312,PROD-0001,2,199.99,40.0
ITEM-000790,ORD-000312,PROD-0009,1,34.99,0.0
ITEM-000791,ORD-000313,PROD-0027,2,49.99,0.0
ITEM-000792,ORD-000314,PROD-0023,1,249.99,25.0
ITEM-000793,ORD-000314,PROD-0020,3,39.99,6.0
ITEM-000794,ORD-000314,PROD-0045,2,69.99,0.0
ITEM-000795,ORD-000314,PROD-0024,1,99.99,0.0
ITEM-000796,ORD-000315,PROD-0006,3,59.99,0.0
ITEM-000797,ORD-000315,PROD-0028,2,34.99,0.0
ITEM-000798,ORD-000316,PROD-0005,2,279.99,0.0
ITEM-000799,ORD-000317,PROD-0002,3,349.99,52.5
ITEM-000800,ORD-000317,PROD-0006,2,59.99,6.0
ITEM-000801,ORD-000317,PROD-0010,3,44.99,0.0
ITEM-000802,ORD-000318,PROD-0034,1,28.99,0.0
ITEM-000803,ORD-000319,PROD-0014,3,34.99,10.5
ITEM-000804,ORD-000320,PROD-0025,3,119.99,0.0
ITEM-000805,ORD-000320,PROD-0028,2,34.99,0.0
ITEM-000806,ORD-000320,PROD-0014,3,34.99,0.0
ITEM-000807,ORD-000321,PROD-0032,2,19.99,4.0
ITEM-000808,ORD-000321,PROD-0008,2,29.99,6.0
ITEM-000809,ORD-000321,PROD-0025,2,119.99,12.0
ITEM-000810,ORD-000322,PROD-0044,3,19.99,6.0
ITEM-000811,ORD-000322,PROD-0024,3,99.99,0.0
ITEM-000812,ORD-000322,PROD-0012,2,59.99,12.0
ITEM-000813,ORD-000322,PROD-0001,3,199.99,0.0
ITEM-000814,ORD-000323,PROD-0048,1,22.99,0.0
ITEM-000815,ORD-000324,PROD-0008,2,29.99,3.0
ITEM-000816,ORD-000324,PROD-0015,3,29.99,4.5
ITEM-000817,ORD-000324,PROD-0028,3,34.99,10.5
ITEM-000818,ORD-000324,PROD-0047,2,17.99,3.6
ITEM-000819,ORD-000325,PROD-0050,1,449.99,0.0
ITEM-000820,ORD-000325,PROD-0030,2,139.99,0.0
ITEM-000821,ORD-000326,PROD-0032,3,19.99,0.0
ITEM-000822,ORD-000327,PROD-0010,3,44.99,0.0
ITEM-000823,ORD-000327,PROD-0020,1,39.99,4.0
ITEM-000824,ORD-000327,PROD-0040,2,21.99,0.0
ITEM-000825,ORD-000328,PROD-0035,1,59.99,6.0
ITEM-000826,ORD-000328,PROD-0002,1,349.99,35.0
ITEM-000827,ORD-000328,PROD-0049,2,16.99,3.4
ITEM-000828,ORD-000329,PROD-0032,1,19.99,1.0
ITEM-000829,ORD-000329,PROD-0028,3,34.99,10.5
ITEM-000830,ORD-000330,PROD-0031,1,34.99,3.5
ITEM-000831,ORD-000330,PROD-0036,2,22.99,4.6
ITEM-000832,ORD-000330,PROD-0011,3,24.99,7.5
ITEM-000833,ORD-000330,PROD-0033,3,79.99,12.0
ITEM-000834,ORD-000331,PROD-0009,2,34.99,3.5
ITEM-000835,ORD-000332,PROD-0007,2,49.99,0.0
ITEM-000836,ORD-000332,PROD-0028,1,34.99,0.0
ITEM-000837,ORD-000332,PROD-0023,3,249.99,0.0
ITEM-000838,ORD-000332,PROD-0027,1,49.99,2.5
ITEM-000839,ORD-000333,PROD-0043,2,24.99,2.5
ITEM-000840,ORD-000333,PROD-0028,2,34.99,7.0
ITEM-000841,ORD-000333,PROD-0037,2,18.99,0.0
ITEM-000842,ORD-000333,PROD-0033,1,79.99,0.0
ITEM-000843,ORD-000334,PROD-0028,3,34.99,0.0
ITEM-000844,ORD-000334,PROD-0013,3,129.99,0.0
ITEM-000845,ORD-000334,PROD-0032,1,19.99,1.0
ITEM-000846,ORD-000335,PROD-0038,2,89.99,9.0
ITEM-000847,ORD-000336,PROD-0042,2,189.99,19.0
ITEM-000848,ORD-000337,PROD-0040,3,21.99,0.0
ITEM-000849,ORD-000337,PROD-0033,3,79.99,0.0
ITEM-000850,ORD-000337,PROD-0030,1,139.99,14.0
ITEM-000851,ORD-000338,PROD-0034,1,28.99,1.45
ITEM-000852,ORD-000339,PROD-0028,1,34.99,0.0
ITEM-000853,ORD-000339,PROD-0027,2,49.99,5.0
ITEM-000854,ORD-000339,PROD-0021,2,299.99,0.0
ITEM-000855,ORD-000340,PROD-0013,1,129.99,6.5
ITEM-000856,ORD-000340,PROD-0002,3,349.99,105.0
ITEM-000857,ORD-000341,PROD-0017,2,64.99,0.0
ITEM-000858,ORD-000342,PROD-0021,3,299.99,45.0
ITEM-000859,ORD-000343,PROD-0016,3,79.99,0.0
ITEM-000860,ORD-000343,PROD-0008,3,29.99,4.5
ITEM-000861,ORD-000344,PROD-0022,2,149.99,0.0
ITEM-000862,ORD-000344,PROD-0038,2,89.99,0.0
ITEM-000863,ORD-000344,PROD-0048,1,22.99,0.0
ITEM-000864,ORD-000345,PROD-0017,3,64.99,9.75
ITEM-000865,ORD-000345,PROD-0038,1,89.99,4.5
ITEM-000866,ORD-000345,PROD-0004,2,39.99,0.0
ITEM-000867,ORD-000345,PROD-0032,1,19.99,1.0
ITEM-000868,ORD-000346,PROD-0048,3,22.99,0.0
ITEM-000869,ORD-000347,PROD-0044,1,19.99,2.0
ITEM-000870,ORD-000347,PROD-0008,2,29.99,3.0
ITEM-000871,ORD-000347,PROD-0035,1,59.99,3.0
ITEM-000872,ORD-000348,PROD-0003,2,89.99,18.0
ITEM-000873,ORD-000348,PROD-0018,3,14.99,4.5
ITEM-000874,ORD-000348,PROD-0006,2,59.99,12.0
ITEM-000875,ORD-000348,PROD-0050,1,449.99,0.0
ITEM-000876,ORD-000349,PROD-0039,2,32.99,6.6
ITEM-000877,ORD-000349,PROD-0047,1,17.99,0.0
ITEM-000878,ORD-000349,PROD-0036,3,22.99,0.0
ITEM-000879,ORD-000349,PROD-0048,2,22.99,0.0
ITEM-000880,ORD-000350,PROD-0021,1,299.99,15.0
ITEM-000881,ORD-000350,PROD-0029,1,27.99,1.4
ITEM-000882,ORD-000350,PROD-0031,2,34.99,0.0
ITEM-000883,ORD-000350,PROD-0048,1,22.99,2.3
ITEM-000884,ORD-000351,PROD-0002,3,349.99,0.0
ITEM-000885,ORD-000351,PROD-0036,1,22.99,2.3
ITEM-000886,ORD-000352,PROD-0040,1,21.99,0.0
ITEM-000887,ORD-000352,PROD-0028,1,34.99,0.0
ITEM-000888,ORD-000352,PROD-0039,2,32.99,6.6
ITEM-000889,ORD-000352,PROD-0017,3,64.99,0.0
ITEM-000890,ORD-000353,PROD-0028,3,34.99,0.0
ITEM-000891,ORD-000353,PROD-0014,2,34.99,0.0
ITEM-000892,ORD-000354,PROD-0040,1,21.99,1.1
ITEM-000893,ORD-000354,PROD-0029,3,27.99,8.4
ITEM-000894,ORD-000355,PROD-0044,3,19.99,6.0
ITEM-000895,ORD-000355,PROD-0014,3,34.99,5.25
ITEM-000896,ORD-000355,PROD-0046,1,149.99,0.0
ITEM-000897,ORD-000355,PROD-0025,3,119.99,0.0
ITEM-000898,ORD-000356,PROD-0039,3,32.99,0.0
ITEM-000899,ORD-000356,PROD-0043,2,24.99,5.0
ITEM-000900,ORD-000356,PROD-0046,1,149.99,0.0
ITEM-000901,ORD-000357,PROD-0009,3,34.99,10.5
ITEM-000902,ORD-000357,PROD-0006,1,59.99,3.0
ITEM-000903,ORD-000357,PROD-0021,2,299.99,30.0
ITEM-000904,ORD-000357,PROD-0046,2,149.99,15.0
ITEM-000905,ORD-000358,PROD-0049,3,16.99,5.1
ITEM-000906,ORD-000358,PROD-0010,1,44.99,0.0
ITEM-000907,ORD-000358,PROD-0036,3,22.99,6.9
ITEM-000908,ORD-000358,PROD-0043,2,24.99,0.0
ITEM-000909,ORD-000359,PROD-0008,1,29.99,0.0
ITEM-000910,ORD-000359,PROD-0023,1,249.99,0.0
ITEM-000911,ORD-000360,PROD-0027,1,49.99,5.0
ITEM-000912,ORD-000360,PROD-0005,3,279.99,0.0
ITEM-000913,ORD-000361,PROD-0038,1,89.99,0.0
ITEM-000914,ORD-000361,PROD-0007,3,49.99,15.0
ITEM-000915,ORD-000361,PROD-0021,2,299.99,0.0
ITEM-000916,ORD-000362,PROD-0004,2,39.99,4.0
ITEM-000917,ORD-000362,PROD-0042,3,189.99,0.0
ITEM-000918,ORD-000363,PROD-0016,2,79.99,0.0
ITEM-000919,ORD-000363,PROD-0050,2,449.99,90.0
ITEM-000920,ORD-000364,PROD-0048,1,22.99,1.15
ITEM-000921,ORD-000364,PROD-0020,3,39.99,0.0
ITEM-000922,ORD-000364,PROD-0044,2,19.99,0.0
ITEM-000923,ORD-000364,PROD-0039,2,32.99,6.6
ITEM-000924,ORD-000365,PROD-0006,3,59.99,0.0
ITEM-000925,ORD-000365,PROD-0049,2,16.99,3.4
ITEM-000926,ORD-000365,PROD-0028,1,34.99,0.0
ITEM-000927,ORD-000365,PROD-0024,3,99.99,15.0
ITEM-000928,ORD-000366,PROD-0019,2,49.99,10.0
ITEM-000929,ORD-000367,PROD-0034,2,28.99,0.0
ITEM-000930,ORD-000367,PROD-0028,3,34.99,0.0
ITEM-000931,ORD-000368,PROD-0027,3,49.99,7.5
ITEM-000932,ORD-000368,PROD-0007,2,49.99,5.0
ITEM-000933,ORD-000368,PROD-0030,3,139.99,0.0
ITEM-000934,ORD-000368,PROD-0043,3,24.99,0.0
ITEM-000935,ORD-000369,PROD-0003,2,89.99,9.0
ITEM-000936,ORD-000369,PROD-0006,3,59.99,18.0
ITEM-000937,ORD-000369,PROD-0027,3,49.99,15.0
ITEM-000938,ORD-000369,PROD-0046,3,149.99,22.5
ITEM-000939,ORD-000370,PROD-0006,3,59.99,9.0
ITEM-000940,ORD-000370,PROD-0048,1,22.99,2.3
ITEM-000941,ORD-000371,PROD-0030,3,139.99,42.0
ITEM-000942,ORD-000371,PROD-0045,3,69.99,10.5
ITEM-000943,ORD-000371,PROD-0026,3,39.99,12.0
ITEM-000944,ORD-000371,PROD-0043,1,24.99,0.0
ITEM-000945,ORD-000372,PROD-0002,2,349.99,0.0
ITEM-000946,ORD-000372,PROD-0014,3,34.99,0.0
ITEM-000947,ORD-000373,PROD-0010,1,44.99,0.0
ITEM-000948,ORD-000373,PROD-0031,1,34.99,3.5
ITEM-000949,ORD-000373,PROD-0028,2,34.99,7.0
ITEM-000950,ORD-000373,PROD-0002,1,349.99,35.0
ITEM-000951,ORD-000374,PROD-0004,3,39.99,12.0
ITEM-000952,ORD-000374,PROD-0022,2,149.99,30.0
ITEM-000953,ORD-000374,PROD-0001,3,199.99,30.0
ITEM-000954,ORD-000374,PROD-0007,1,49.99,5.0
ITEM-000955,ORD-000375,PROD-0015,1,29.99,3.0
ITEM-000956,ORD-000375,PROD-0046,3,149.99,22.5
ITEM-000957,ORD-000375,PROD-0004,3,39.99,0.0
ITEM-000958,ORD-000375,PROD-0034,2,28.99,5.8
ITEM-000959,ORD-000376,PROD-0029,1,27.99,0.0
ITEM-000960,ORD-000376,PROD-0045,2,69.99,0.0
ITEM-000961,ORD-000376,PROD-0028,2,34.99,3.5
ITEM-000962,ORD-000377,PROD-0039,2,32.99,0.0
ITEM-000963,ORD-000377,PROD-0046,2,149.99,30.0
ITEM-000964,ORD-000377,PROD-0043,2,24.99,2.5
ITEM-000965,ORD-000378,PROD-0043,2,24.99,0.0
ITEM-000966,ORD-000379,PROD-0016,1,79.99,0.0
ITEM-000967,ORD-000379,PROD-0014,2,34.99,3.5
ITEM-000968,ORD-000379,PROD-0036,1,22.99,0.0
ITEM-000969,ORD-000380,PROD-0036,1,22.99,2.3
ITEM-000970,ORD-000381,PROD-0010,3,44.99,0.0
ITEM-000971,ORD-000381,PROD-0045,3,69.99,0.0
ITEM-000972,ORD-000381,PROD-0033,2,79.99,16.0
ITEM-000973,ORD-000382,PROD-0036,1,22.99,0.0
ITEM-000974,ORD-000383,PROD-0024,3,99.99,15.0
ITEM-000975,ORD-000383,PROD-0011,3,24.99,7.5
ITEM-000976,ORD-000384,PROD-0022,1,149.99,15.0
ITEM-000977,ORD-000384,PROD-0009,1,34.99,0.0
ITEM-000978,ORD-000384,PROD-0008,2,29.99,3.0
ITEM-000979,ORD-000385,PROD-0024,1,99.99,10.0
ITEM-000980,ORD-000385,PROD-0041,1,29.99,0.0
ITEM-000981,ORD-000385,PROD-0043,2,24.99,5.0
ITEM-000982,ORD-000385,PROD-0016,2,79.99,16.0
ITEM-000983,ORD-000386,PROD-0050,3,449.99,0.0
ITEM-000984,ORD-000386,PROD-0001,2,199.99,40.0
ITEM-000985,ORD-000387,PROD-0043,3,24.99,0.0
ITEM-000986,ORD-000388,PROD-0026,2,39.99,4.0
ITEM-000987,ORD-000388,PROD-0044,1,19.99,1.0
ITEM-000988,ORD-000388,PROD-0045,3,69.99,0.0
ITEM-000989,ORD-000388,PROD-0036,2,22.99,0.0
ITEM-000990,ORD-000389,PROD-0050,1,449.99,22.5
ITEM-000991,ORD-000389,PROD-0013,2,129.99,0.0
ITEM-000992,ORD-000389,PROD-0020,3,39.99,6.0
ITEM-000993,ORD-000389,PROD-0006,1,59.99,0.0
ITEM-000994,ORD-000390,PROD-0002,3,349.99,52.5
ITEM-000995,ORD-000390,PROD-0035,1,59.99,3.0
ITEM-000996,ORD-000391,PROD-0024,2,99.99,10.0
ITEM-000997,ORD-000392,PROD-0037,2,18.99,1.9
ITEM-000998,ORD-000392,PROD-0048,3,22.99,0.0
ITEM-000999,ORD-000392,PROD-0001,2,199.99,0.0
ITEM-001000,ORD-000393,PROD-0050,2,449.99,0.0
ITEM-001001,ORD-000393,PROD-0024,1,99.99,10.0
ITEM-001002,ORD-000394,PROD-0031,2,34.99,0.0
ITEM-001003,ORD-000394,PROD-0014,3,34.99,10.5
ITEM-001004,ORD-000395,PROD-0041,2,29.99,6.0
ITEM-001005,ORD-000395,PROD-0028,1,34.99,0.0
ITEM-001006,ORD-000395,PROD-0029,3,27.99,0.0
ITEM-001007,ORD-000395,PROD-0045,2,69.99,14.0
ITEM-001008,ORD-000396,PROD-0003,2,89.99,0.0
ITEM-001009,ORD-000396,PROD-0048,2,22.99,0.0
ITEM-001010,ORD-000396,PROD-0011,3,24.99,3.75
ITEM-001011,ORD-000396,PROD-0036,2,22.99,2.3
ITEM-001012,ORD-000397,PROD-0010,2,44.99,0.0
ITEM-001013,ORD-000397,PROD-0038,2,89.99,9.0
ITEM-001014,ORD-000398,PROD-0036,2,22.99,0.0
ITEM-001015,ORD-000399,PROD-0022,3,149.99,0.0
ITEM-001016,ORD-000399,PROD-0025,1,119.99,12.0
ITEM-001017,ORD-000399,PROD-0031,2,34.99,7.0
ITEM-001018,ORD-000399,PROD-0047,1,17.99,0.9
ITEM-001019,ORD-000400,PROD-0035,2,59.99,6.0
ITEM-001020,ORD-000400,PROD-0003,1,89.99,0.0
ITEM-001021,ORD-000400,PROD-0043,3,24.99,3.75
ITEM-001022,ORD-000401,PROD-0037,3,18.99,0.0
ITEM-001023,ORD-000402,PROD-0018,1,14.99,0.0
ITEM-001024,ORD-000403,PROD-0026,2,39.99,0.0
ITEM-001025,ORD-000403,PROD-0038,2,89.99,18.0
ITEM-001026,ORD-000403,PROD-0003,1,89.99,9.0
ITEM-001027,ORD-000404,PROD-0007,3,49.99,0.0
ITEM-001028,ORD-000405,PROD-0027,1,49.99,2.5
ITEM-001029,ORD-000405,PROD-0044,3,19.99,0.0
ITEM-001030,ORD-000405,PROD-0011,1,24.99,1.25
ITEM-001031,ORD-000406,PROD-0016,3,79.99,0.0
ITEM-001032,ORD-000406,PROD-0049,3,16.99,5.1
ITEM-001033,ORD-000407,PROD-0005,3,279.99,0.0
ITEM-001034,ORD-000407,PROD-0031,1,34.99,1.75
ITEM-001035,ORD-000407,PROD-0002,3,349.99,0.0
ITEM-001036,ORD-000407,PROD-0027,1,49.99,0.0
ITEM-001037,ORD-000408,PROD-0010,3,44.99,0.0
ITEM-001038,ORD-000408,PROD-0024,1,99.99,10.0
ITEM-001039,ORD-000409,PROD-0040,1,21.99,0.0
ITEM-001040,ORD-000409,PROD-0019,2,49.99,5.0
ITEM-001041,ORD-000409,PROD-0042,3,189.99,28.5
ITEM-001042,ORD-000409,PROD-0011,3,24.99,7.5
ITEM-001043,ORD-000410,PROD-0003,3,89.99,0.0
ITEM-001044,ORD-000410,PROD-0011,2,24.99,0.0
ITEM-001045,ORD-000410,PROD-0048,3,22.99,3.45
ITEM-001046,ORD-000411,PROD-0049,2,16.99,0.0
ITEM-001047,ORD-000411,PROD-0046,3,149.99,22.5
ITEM-001048,ORD-000411,PROD-0029,2,27.99,0.0
ITEM-001049,ORD-000412,PROD-0039,2,32.99,0.0
ITEM-001050,ORD-000413,PROD-0049,3,16.99,0.0
ITEM-001051,ORD-000413,PROD-0026,3,39.99,0.0
ITEM-001052,ORD-000413,PROD-0035,3,59.99,18.0
ITEM-001053,ORD-000413,PROD-0006,3,59.99,0.0
ITEM-001054,ORD-000414,PROD-0012,1,59.99,6.0
ITEM-001055,ORD-000414,PROD-0050,1,449.99,45.0
ITEM-001056,ORD-000414,PROD-0045,2,69.99,7.0
ITEM-001057,ORD-000414,PROD-0001,3,199.99,30.0
ITEM-001058,ORD-000415,PROD-0032,1,19.99,0.0
ITEM-001059,ORD-000415,PROD-0046,3,149.99,45.0
ITEM-001060,ORD-000415,PROD-0039,2,32.99,6.6
ITEM-001061,ORD-000416,PROD-0009,2,34.99,0.0
ITEM-001062,ORD-000417,PROD-0044,1,19.99,2.0
ITEM-001063,ORD-000417,PROD-0036,3,22.99,0.0
ITEM-001064,ORD-000417,PROD-0030,2,139.99,28.0
ITEM-001065,ORD-000418,PROD-0024,3,99.99,0.0
ITEM-001066,ORD-000418,PROD-0034,2,28.99,0.0
ITEM-001067,ORD-000418,PROD-0049,2,16.99,0.0
ITEM-001068,ORD-000418,PROD-0003,1,89.99,0.0
ITEM-001069,ORD-000419,PROD-0022,1,149.99,0.0
ITEM-001070,ORD-000419,PROD-0020,3,39.99,6.0
ITEM-001071,ORD-000420,PROD-0022,3,149.99,0.0
ITEM-001072,ORD-000421,PROD-0038,1,89.99,9.0
ITEM-001073,ORD-000421,PROD-0008,2,29.99,0.0
ITEM-001074,ORD-000421,PROD-0006,1,59.99,0.0
ITEM-001075,ORD-000421,PROD-0004,2,39.99,0.0
ITEM-001076,ORD-000422,PROD-0036,1,22.99,1.15
ITEM-001077,ORD-000423,PROD-0015,1,29.99,3.0
ITEM-001078,ORD-000423,PROD-0039,2,32.99,6.6
ITEM-001079,ORD-000423,PROD-0043,2,24.99,0.0
ITEM-001080,ORD-000423,PROD-0040,2,21.99,0.0
ITEM-001081,ORD-000424,PROD-0007,3,49.99,0.0
ITEM-001082,ORD-000424,PROD-0001,3,199.99,0.0
ITEM-001083,ORD-000425,PROD-0027,3,49.99,15.0
ITEM-001084,ORD-000425,PROD-0031,1,34.99,0.0
ITEM-001085,ORD-000425,PROD-0047,3,17.99,2.7
ITEM-001086,ORD-000426,PROD-0019,3,49.99,0.0
ITEM-001087,ORD-000426,PROD-0024,2,99.99,10.0
ITEM-001088,ORD-000426,PROD-0001,1,199.99,0.0
ITEM-001089,ORD-000427,PROD-0039,3,32.99,4.95
ITEM-001090,ORD-000427,PROD-0045,3,69.99,10.5
ITEM-001091,ORD-000427,PROD-0022,2,149.99,15.0
ITEM-001092,ORD-000427,PROD-0038,1,89.99,0.0
ITEM-001093,ORD-000428,PROD-0045,2,69.99,0.0
ITEM-001094,ORD-000428,PROD-0015,3,29.99,4.5
ITEM-001095,ORD-000429,PROD-0024,1,99.99,0.0
ITEM-001096,ORD-000430,PROD-0019,1,49.99,2.5
ITEM-001097,ORD-000430,PROD-0029,1,27.99,1.4
ITEM-001098,ORD-000431,PROD-0013,1,129.99,6.5
ITEM-001099,ORD-000431,PROD-0002,1,349.99,0.0
ITEM-001100,ORD-000432,PROD-0016,3,79.99,24.0
ITEM-001101,ORD-000432,PROD-0024,1,99.99,0.0
ITEM-001102,ORD-000432,PROD-0043,1,24.99,0.0
ITEM-001103,ORD-000432,PROD-0011,2,24.99,2.5
ITEM-001104,ORD-000433,PROD-0035,1,59.99,3.0
ITEM-001105,ORD-000433,PROD-0019,1,49.99,0.0
ITEM-001106,ORD-000434,PROD-0014,3,34.99,0.0
ITEM-001107,ORD-000434,PROD-0047,1,17.99,1.8
ITEM-001108,ORD-000434,PROD-0006,3,59.99,9.0
ITEM-001109,ORD-000434,PROD-0031,2,34.99,7.0
ITEM-001110,ORD-000435,PROD-0046,3,149.99,45.0
ITEM-001111,ORD-000435,PROD-0032,3,19.99,0.0
ITEM-001112,ORD-000435,PROD-0031,1,34.99,0.0
ITEM-001113,ORD-000435,PROD-0018,1,14.99,1.5
ITEM-001114,ORD-000436,PROD-0037,3,18.99,0.0
ITEM-001115,ORD-000436,PROD-0011,1,24.99,1.25
ITEM-001116,ORD-000436,PROD-0024,2,99.99,0.0
ITEM-001117,ORD-000436,PROD-0017,2,64.99,6.5
ITEM-001118,ORD-000437,PROD-0021,1,299.99,30.0
ITEM-001119,ORD-000437,PROD-0018,1,14.99,0.75
ITEM-001120,ORD-000437,PROD-0025,3,119.99,0.0
ITEM-001121,ORD-000437,PROD-0002,2,349.99,0.0
ITEM-001122,ORD-000438,PROD-0018,1,14.99,0.0
ITEM-001123,ORD-000439,PROD-0022,3,149.99,22.5
ITEM-001124,ORD-000439,PROD-0013,2,129.99,13.0
ITEM-001125,ORD-000440,PROD-0001,2,199.99,20.0
ITEM-001126,ORD-000440,PROD-0050,2,449.99,90.0
ITEM-001127,ORD-000440,PROD-0020,3,39.99,0.0
ITEM-001128,ORD-000441,PROD-0047,1,17.99,1.8
ITEM-001129,ORD-000441,PROD-0048,3,22.99,6.9
ITEM-001130,ORD-000442,PROD-0028,3,34.99,10.5
ITEM-001131,ORD-000442,PROD-0050,2,449.99,0.0
ITEM-001132,ORD-000443,PROD-0022,2,149.99,30.0
ITEM-001133,ORD-000443,PROD-0015,3,29.99,4.5
ITEM-001134,ORD-000443,PROD-0027,1,49.99,0.0
ITEM-001135,ORD-000444,PROD-0025,3,119.99,36.0
ITEM-001136,ORD-000444,PROD-0014,1,34.99,3.5
ITEM-001137,ORD-000444,PROD-0026,1,39.99,2.0
ITEM-001138,ORD-000444,PROD-0005,3,279.99,84.0
ITEM-001139,ORD-000445,PROD-0003,3,89.99,27.0
ITEM-001140,ORD-000445,PROD-0045,2,69.99,7.0
ITEM-001141,ORD-000446,PROD-0011,2,24.99,5.0
ITEM-001142,ORD-000447,PROD-0025,1,119.99,0.0
ITEM-001143,ORD-000448,PROD-0038,3,89.99,27.0
ITEM-001144,ORD-000448,PROD-0013,1,129.99,0.0
ITEM-001145,ORD-000448,PROD-0033,2,79.99,0.0
ITEM-001146,ORD-000449,PROD-0048,1,22.99,1.15
ITEM-001147,ORD-000450,PROD-0027,1,49.99,5.0
ITEM-001148,ORD-000450,PROD-0016,3,79.99,0.0
ITEM-001149,ORD-000451,PROD-0018,3,14.99,2.25
ITEM-001150,ORD-000451,PROD-0041,1,29.99,0.0
ITEM-001151,ORD-000452,PROD-0033,2,79.99,16.0
ITEM-001152,ORD-000453,PROD-0030,1,139.99,0.0
ITEM-001153,ORD-000454,PROD-0026,1,39.99,2.0
ITEM-001154,ORD-000454,PROD-0003,1,89.99,0.0
ITEM-001155,ORD-000455,PROD-0005,1,279.99,28.0
ITEM-001156,ORD-000455,PROD-0006,2,59.99,0.0
ITEM-001157,ORD-000455,PROD-0036,1,22.99,0.0
ITEM-001158,ORD-000455,PROD-0043,1,24.99,2.5
ITEM-001159,ORD-000456,PROD-0014,1,34.99,0.0
ITEM-001160,ORD-000456,PROD-0046,1,149.99,0.0
ITEM-001161,ORD-000457,PROD-0050,2,449.99,0.0
ITEM-001162,ORD-000458,PROD-0002,3,349.99,0.0
ITEM-001163,ORD-000458,PROD-0001,1,199.99,0.0
ITEM-001164,ORD-000458,PROD-0022,1,149.99,15.0
ITEM-001165,ORD-000458,PROD-0013,2,129.99,13.0
ITEM-001166,ORD-000459,PROD-0008,2,29.99,3.0
ITEM-001167,ORD-000459,PROD-0015,2,29.99,3.0
ITEM-001168,ORD-000459,PROD-0014,1,34.99,0.0
ITEM-001169,ORD-000459,PROD-0007,2,49.99,5.0
ITEM-001170,ORD-000460,PROD-0017,3,64.99,9.75
ITEM-001171,ORD-000460,PROD-0007,3,49.99,15.0
ITEM-001172,ORD-000461,PROD-0043,2,24.99,0.0
ITEM-001173,ORD-000461,PROD-0031,3,34.99,10.5
ITEM-001174,ORD-000461,PROD-0005,2,279.99,0.0
ITEM-001175,ORD-000462,PROD-0020,1,39.99,4.0
ITEM-001176,ORD-000463,PROD-0019,1,49.99,0.0
ITEM-001177,ORD-000463,PROD-0013,3,129.99,39.0
ITEM-001178,ORD-000463,PROD-0010,2,44.99,0.0
ITEM-001179,ORD-000463,PROD-0025,3,119.99,0.0
ITEM-001180,ORD-000464,PROD-0022,3,149.99,0.0
ITEM-001181,ORD-000464,PROD-0016,3,79.99,0.0
ITEM-001182,ORD-000464,PROD-0014,3,34.99,0.0
ITEM-001183,ORD-000465,PROD-0005,2,279.99,0.0
ITEM-001184,ORD-000466,PROD-0006,3,59.99,0.0
ITEM-001185,ORD-000466,PROD-0012,1,59.99,6.0
ITEM-001186,ORD-000467,PROD-0012,2,59.99,12.0
ITEM-001187,ORD-000467,PROD-0039,1,32.99,1.65
ITEM-001188,ORD-000467,PROD-0016,2,79.99,0.0
ITEM-001189,ORD-000467,PROD-0020,2,39.99,8.0
ITEM-001190,ORD-000468,PROD-0049,2,16.99,3.4
ITEM-001191,ORD-000468,PROD-0010,1,44.99,2.25
ITEM-001192,ORD-000468,PROD-0031,3,34.99,0.0
ITEM-001193,ORD-000468,PROD-0002,3,349.99,0.0
ITEM-001194,ORD-000469,PROD-0025,2,119.99,0.0
ITEM-001195,ORD-000469,PROD-0036,3,22.99,6.9
ITEM-001196,ORD-000469,PROD-0039,1,32.99,0.0
ITEM-001197,ORD-000470,PROD-0025,3,119.99,0.0
ITEM-001198,ORD-000470,PROD-0032,1,19.99,0.0
ITEM-001199,ORD-000470,PROD-0020,3,39.99,0.0
ITEM-001200,ORD-000471,PROD-0041,3,29.99,9.0
ITEM-001201,ORD-000471,PROD-0045,2,69.99,0.0
ITEM-001202,ORD-000471,PROD-0024,1,99.99,10.0
ITEM-001203,ORD-000471,PROD-0004,1,39.99,2.0
ITEM-001204,ORD-000472,PROD-0017,3,64.99,0.0
ITEM-001205,ORD-000472,PROD-0016,3,79.99,24.0
ITEM-001206,ORD-000473,PROD-0028,3,34.99,5.25
ITEM-001207,ORD-000473,PROD-0017,3,64.99,19.5
ITEM-001208,ORD-000474,PROD-0010,1,44.99,4.5
ITEM-001209,ORD-000474,PROD-0018,3,14.99,2.25
ITEM-001210,ORD-000474,PROD-0048,1,22.99,0.0
ITEM-001211,ORD-000475,PROD-0034,3,28.99,8.7
ITEM-001212,ORD-000475,PROD-0027,1,49.99,0.0
ITEM-001213,ORD-000475,PROD-0042,2,189.99,0.0
ITEM-001214,ORD-000475,PROD-0019,3,49.99,0.0
ITEM-001215,ORD-000476,PROD-0029,3,27.99,0.0
ITEM-001216,ORD-000477,PROD-0017,2,64.99,0.0
ITEM-001217,ORD-000477,PROD-0027,3,49.99,0.0
ITEM-001218,ORD-000478,PROD-0018,1,14.99,0.75
ITEM-001219,ORD-000479,PROD-0043,3,24.99,0.0
ITEM-001220,ORD-000480,PROD-0032,2,19.99,4.0
ITEM-001221,ORD-000480,PROD-0031,2,34.99,3.5
ITEM-001222,ORD-000480,PROD-0049,3,16.99,2.55
ITEM-001223,ORD-000481,PROD-0025,2,119.99,0.0
ITEM-001224,ORD-000481,PROD-0040,1,21.99,2.2
ITEM-001225,ORD-000481,PROD-0004,3,39.99,12.0
ITEM-001226,ORD-000481,PROD-0023,3,249.99,0.0
ITEM-001227,ORD-000482,PROD-0024,3,99.99,30.0
ITEM-001228,ORD-000482,PROD-0029,3,27.99,0.0
ITEM-001229,ORD-000483,PROD-0044,3,19.99,6.0
ITEM-001230,ORD-000483,PROD-0029,2,27.99,0.0
ITEM-001231,ORD-000483,PROD-0015,2,29.99,6.0
ITEM-001232,ORD-000484,PROD-0019,1,49.99,0.0
ITEM-001233,ORD-000484,PROD-0039,1,32.99,3.3
ITEM-001234,ORD-000484,PROD-0013,1,129.99,6.5
ITEM-001235,ORD-000484,PROD-0046,3,149.99,45.0
ITEM-001236,ORD-000485,PROD-0016,1,79.99,0.0
ITEM-001237,ORD-000485,PROD-0014,3,34.99,0.0
ITEM-001238,ORD-000486,PROD-0043,3,24.99,0.0
ITEM-001239,ORD-000486,PROD-0031,3,34.99,10.5
ITEM-001240,ORD-000486,PROD-0008,3,29.99,4.5
ITEM-001241,ORD-000487,PROD-0042,1,189.99,9.5
ITEM-001242,ORD-000487,PROD-0036,1,22.99,0.0
ITEM-001243,ORD-000487,PROD-0028,3,34.99,0.0
ITEM-001244,ORD-000487,PROD-0015,1,29.99,1.5
ITEM-001245,ORD-000488,PROD-0038,3,89.99,0.0
ITEM-001246,ORD-000489,PROD-0034,3,28.99,0.0
ITEM-001247,ORD-000489,PROD-0043,1,24.99,2.5
ITEM-001248,ORD-000490,PROD-0019,2,49.99,10.0
ITEM-001249,ORD-000490,PROD-0015,2,29.99,0.0
ITEM-001250,ORD-000491,PROD-0018,3,14.99,4.5
ITEM-001251,ORD-000492,PROD-0010,3,44.99,0.0
ITEM-001252,ORD-000492,PROD-0046,1,149.99,0.0
ITEM-001253,ORD-000492,PROD-0014,3,34.99,10.5
ITEM-001254,ORD-000493,PROD-0044,2,19.99,4.0
ITEM-001255,ORD-000493,PROD-0031,2,34.99,0.0
ITEM-001256,ORD-000493,PROD-0023,3,249.99,75.0
ITEM-001257,ORD-000493,PROD-0049,2,16.99,0.0
ITEM-001258,ORD-000494,PROD-0029,2,27.99,2.8
ITEM-001259,ORD-000494,PROD-0045,1,69.99,0.0
ITEM-001260,ORD-000495,PROD-0044,1,19.99,2.0
ITEM-001261,ORD-000496,PROD-0031,1,34.99,1.75
ITEM-001262,ORD-000496,PROD-0012,1,59.99,6.0
ITEM-001263,ORD-000496,PROD-0004,1,39.99,0.0
ITEM-001264,ORD-000497,PROD-0050,2,449.99,90.0
ITEM-001265,ORD-000498,PROD-0008,1,29.99,0.0
ITEM-001266,ORD-000499,PROD-0018,3,14.99,0.0
ITEM-001267,ORD-000499,PROD-0045,2,69.99,14.0
ITEM-001268,ORD-000499,PROD-0048,3,22.99,6.9
ITEM-001269,ORD-000499,PROD-0007,2,49.99,0.0
ITEM-001270,ORD-000500,PROD-0045,3,69.99,21.0
ITEM-001271,ORD-000500,PROD-0002,1,349.99,0.0
ITEM-001272,ORD-000500,PROD-0026,3,39.99,0.0
ITEM-001273,ORD-000500,PROD-0036,1,22.99,0.0
ITEM-001274,ORD-000501,PROD-0006,1,59.99,3.0
ITEM-001275,ORD-000502,PROD-0003,3,89.99,27.0
ITEM-001276,ORD-000502,PROD-0034,2,28.99,2.9
ITEM-001277,ORD-000502,PROD-0019,2,49.99,0.0
ITEM-001278,ORD-000503,PROD-0014,3,34.99,0.0
ITEM-001279,ORD-000503,PROD-0009,2,34.99,0.0
ITEM-001280,ORD-000503,PROD-0039,2,32.99,0.0
ITEM-001281,ORD-000504,PROD-0006,3,59.99,0.0
ITEM-001282,ORD-000504,PROD-0017,1,64.99,3.25
ITEM-001283,ORD-000504,PROD-0044,3,19.99,0.0
ITEM-001284,ORD-000504,PROD-0028,3,34.99,0.0
ITEM-001285,ORD-000505,PROD-0039,1,32.99,0.0
ITEM-001286,ORD-000506,PROD-0022,3,149.99,0.0
ITEM-001287,ORD-000507,PROD-0007,2,49.99,0.0
ITEM-001288,ORD-000508,PROD-0038,3,89.99,13.5
ITEM-001289,ORD-000508,PROD-0032,3,19.99,3.0
ITEM-001290,ORD-000508,PROD-0007,3,49.99,7.5
ITEM-001291,ORD-000509,PROD-0049,2,16.99,3.4
ITEM-001292,ORD-000509,PROD-0025,1,119.99,6.0
ITEM-001293,ORD-000509,PROD-0012,3,59.99,0.0
ITEM-001294,ORD-000510,PROD-0044,2,19.99,4.0
ITEM-001295,ORD-000510,PROD-0039,2,32.99,6.6
ITEM-001296,ORD-000511,PROD-0020,2,39.99,4.0
ITEM-001297,ORD-000512,PROD-0037,1,18.99,0.95
ITEM-001298,ORD-000512,PROD-0004,2,39.99,0.0
ITEM-001299,ORD-000513,PROD-0026,1,39.99,0.0
ITEM-001300,ORD-000514,PROD-0016,3,79.99,0.0
ITEM-001301,ORD-000514,PROD-0048,3,22.99,6.9
ITEM-001302,ORD-000514,PROD-0043,1,24.99,0.0
ITEM-001303,ORD-000515,PROD-0004,2,39.99,0.0
ITEM-001304,ORD-000515,PROD-0028,2,34.99,0.0
ITEM-001305,ORD-000515,PROD-0032,2,19.99,0.0
ITEM-001306,ORD-000516,PROD-0017,3,64.99,19.5
ITEM-001307,ORD-000516,PROD-0014,2,34.99,0.0
ITEM-001308,ORD-000516,PROD-0001,3,199.99,60.0
ITEM-001309,ORD-000517,PROD-0047,2,17.99,0.0
ITEM-001310,ORD-000517,PROD-0012,2,59.99,0.0
ITEM-001311,ORD-000517,PROD-0026,3,39.99,0.0
ITEM-001312,ORD-000518,PROD-0026,1,39.99,2.0
ITEM-001313,ORD-000518,PROD-0024,2,99.99,20.0
ITEM-001314,ORD-000518,PROD-0020,2,39.99,8.0
ITEM-001315,ORD-000518,PROD-0028,1,34.99,0.0
ITEM-001316,ORD-000519,PROD-0043,2,24.99,2.5
ITEM-001317,ORD-000519,PROD-0013,2,129.99,26.0
ITEM-001318,ORD-000520,PROD-0009,1,34.99,0.0
ITEM-001319,ORD-000520,PROD-0008,2,29.99,0.0
ITEM-001320,ORD-000520,PROD-0007,3,49.99,0.0
ITEM-001321,ORD-000520,PROD-0002,1,349.99,17.5
ITEM-001322,ORD-000521,PROD-0032,2,19.99,0.0
ITEM-001323,ORD-000521,PROD-0006,3,59.99,0.0
ITEM-001324,ORD-000521,PROD-0049,1,16.99,0.85
ITEM-001325,ORD-000522,PROD-0045,3,69.99,0.0
ITEM-001326,ORD-000523,PROD-0003,2,89.99,0.0
ITEM-001327,ORD-000523,PROD-0018,1,14.99,0.0
ITEM-001328,ORD-000523,PROD-0013,3,129.99,19.5
ITEM-001329,ORD-000523,PROD-0010,1,44.99,0.0
ITEM-001330,ORD-000524,PROD-0020,1,39.99,2.0
ITEM-001331,ORD-000525,PROD-0016,1,79.99,0.0
ITEM-001332,ORD-000525,PROD-0021,1,299.99,15.0
ITEM-001333,ORD-000525,PROD-0004,1,39.99,2.0
ITEM-001334,ORD-000525,PROD-0012,2,59.99,6.0
ITEM-001335,ORD-000526,PROD-0024,1,99.99,0.0
ITEM-001336,ORD-000526,PROD-0022,1,149.99,7.5
ITEM-001337,ORD-000526,PROD-0020,2,39.99,4.0
ITEM-001338,ORD-000526,PROD-0008,2,29.99,0.0
ITEM-001339,ORD-000527,PROD-0003,3,89.99,0.0
ITEM-001340,ORD-000528,PROD-0020,1,39.99,0.0
ITEM-001341,ORD-000528,PROD-0047,3,17.99,2.7
ITEM-001342,ORD-000528,PROD-0031,3,34.99,5.25
ITEM-001343,ORD-000529,PROD-0027,1,49.99,2.5
ITEM-001344,ORD-000529,PROD-0034,1,28.99,1.45
ITEM-001345,ORD-000529,PROD-0033,3,79.99,0.0
ITEM-001346,ORD-000529,PROD-0002,2,349.99,70.0
ITEM-001347,ORD-000530,PROD-0036,3,22.99,3.45
ITEM-001348,ORD-000530,PROD-0050,1,449.99,0.0
ITEM-001349,ORD-000530,PROD-0025,1,119.99,0.0
ITEM-001350,ORD-000530,PROD-0026,3,39.99,0.0
ITEM-001351,ORD-000531,PROD-0020,3,39.99,6.0
ITEM-001352,ORD-000531,PROD-0015,1,29.99,0.0
ITEM-001353,ORD-000531,PROD-0019,1,49.99,0.0
ITEM-001354,ORD-000532,PROD-0014,1,34.99,0.0
ITEM-001355,ORD-000532,PROD-0035,3,59.99,9.0
ITEM-001356,ORD-000533,PROD-0047,3,17.99,2.7
ITEM-001357,ORD-000533,PROD-0009,2,34.99,0.0
ITEM-001358,ORD-000533,PROD-0027,3,49.99,0.0
ITEM-001359,ORD-000534,PROD-0002,3,349.99,0.0
ITEM-001360,ORD-000534,PROD-0035,3,59.99,18.0
ITEM-001361,ORD-000534,PROD-0043,2,24.99,0.0
ITEM-001362,ORD-000535,PROD-0010,3,44.99,13.5
ITEM-001363,ORD-000535,PROD-0029,2,27.99,0.0
ITEM-001364,ORD-000535,PROD-0015,2,29.99,0.0
ITEM-001365,ORD-000535,PROD-0047,2,17.99,0.0
ITEM-001366,ORD-000536,PROD-0047,1,17.99,0.9
ITEM-001367,ORD-000536,PROD-0012,1,59.99,6.0
ITEM-001368,ORD-000536,PROD-0042,1,189.99,0.0
ITEM-001369,ORD-000536,PROD-0019,2,49.99,0.0
ITEM-001370,ORD-000537,PROD-0039,1,32.99,3.3
ITEM-001371,ORD-000538,PROD-0016,1,79.99,4.0
ITEM-001372,ORD-000538,PROD-0050,3,449.99,0.0
ITEM-001373,ORD-000539,PROD-0013,1,129.99,13.0
ITEM-001374,ORD-000540,PROD-0031,1,34.99,1.75
ITEM-001375,ORD-000540,PROD-0010,1,44.99,0.0
ITEM-001376,ORD-000540,PROD-0016,1,79.99,4.0
ITEM-001377,ORD-000541,PROD-0028,1,34.99,1.75
ITEM-001378,ORD-000541,PROD-0025,1,119.99,12.0
ITEM-001379,ORD-000542,PROD-0019,2,49.99,0.0
ITEM-001380,ORD-000543,PROD-0012,3,59.99,9.0
ITEM-001381,ORD-000543,PROD-0028,3,34.99,10.5
ITEM-001382,ORD-000544,PROD-0043,1,24.99,0.0
ITEM-001383,ORD-000544,PROD-0024,1,99.99,0.0
ITEM-001384,ORD-000544,PROD-0017,2,64.99,13.0
ITEM-001385,ORD-000544,PROD-0046,2,149.99,0.0
ITEM-001386,ORD-000545,PROD-0012,2,59.99,6.0
ITEM-001387,ORD-000545,PROD-0050,2,449.99,90.0
ITEM-001388,ORD-000546,PROD-0036,2,22.99,0.0
ITEM-001389,ORD-000546,PROD-0032,2,19.99,0.0
ITEM-001390,ORD-000546,PROD-0035,1,59.99,3.0
ITEM-001391,ORD-000546,PROD-0015,3,29.99,9.0
ITEM-001392,ORD-000547,PROD-0019,1,49.99,5.0
ITEM-001393,ORD-000547,PROD-0030,1,139.99,0.0
ITEM-001394,ORD-000548,PROD-0024,3,99.99,0.0
ITEM-001395,ORD-000548,PROD-0004,2,39.99,0.0
ITEM-001396,ORD-000548,PROD-0045,1,69.99,0.0
ITEM-001397,ORD-000548,PROD-0007,2,49.99,0.0
ITEM-001398,ORD-000549,PROD-0010,3,44.99,0.0
ITEM-001399,ORD-000549,PROD-0049,3,16.99,2.55
ITEM-001400,ORD-000549,PROD-0012,2,59.99,12.0
ITEM-001401,ORD-000549,PROD-0031,3,34.99,5.25
ITEM-001402,ORD-000550,PROD-0042,1,189.99,0.0
ITEM-001403,ORD-000551,PROD-0036,3,22.99,3.45
ITEM-001404,ORD-000551,PROD-0046,3,149.99,0.0
ITEM-001405,ORD-000551,PROD-0017,2,64.99,0.0
ITEM-001406,ORD-000551,PROD-0037,2,18.99,0.0
ITEM-001407,ORD-000552,PROD-0026,1,39.99,0.0
ITEM-001408,ORD-000552,PROD-0040,2,21.99,0.0
ITEM-001409,ORD-000553,PROD-0042,1,189.99,0.0
ITEM-001410,ORD-000553,PROD-0026,3,39.99,12.0
ITEM-001411,ORD-000553,PROD-0025,1,119.99,0.0
ITEM-001412,ORD-000554,PROD-0005,1,279.99,0.0
ITEM-001413,ORD-000555,PROD-0016,2,79.99,0.0
ITEM-001414,ORD-000556,PROD-0021,1,299.99,15.0
ITEM-001415,ORD-000557,PROD-0009,1,34.99,1.75
ITEM-001416,ORD-000557,PROD-0045,2,69.99,0.0
ITEM-001417,ORD-000557,PROD-0044,3,19.99,0.0
ITEM-001418,ORD-000558,PROD-0019,1,49.99,0.0
ITEM-001419,ORD-000559,PROD-0014,3,34.99,0.0
ITEM-001420,ORD-000559,PROD-0044,1,19.99,1.0
ITEM-001421,ORD-000560,PROD-0003,2,89.99,0.0
ITEM-001422,ORD-000560,PROD-0046,1,149.99,0.0
ITEM-001423,ORD-000560,PROD-0050,1,449.99,45.0
ITEM-001424,ORD-000560,PROD-0044,1,19.99,0.0
ITEM-001425,ORD-000561,PROD-0030,2,139.99,0.0
ITEM-001426,ORD-000562,PROD-0006,3,59.99,18.0
ITEM-001427,ORD-000562,PROD-0005,2,279.99,28.0
ITEM-001428,ORD-000562,PROD-0012,2,59.99,0.0
ITEM-001429,ORD-000563,PROD-0026,3,39.99,0.0
ITEM-001430,ORD-000563,PROD-0027,2,49.99,5.0
ITEM-001431,ORD-000563,PROD-0040,3,21.99,3.3
ITEM-001432,ORD-000564,PROD-0017,3,64.99,0.0
ITEM-001433,ORD-000564,PROD-0044,3,19.99,0.0
ITEM-001434,ORD-000564,PROD-0003,3,89.99,0.0
ITEM-001435,ORD-000564,PROD-0040,1,21.99,0.0
ITEM-001436,ORD-000565,PROD-0015,2,29.99,6.0
ITEM-001437,ORD-000566,PROD-0007,1,49.99,5.0
ITEM-001438,ORD-000566,PROD-0006,2,59.99,0.0
ITEM-001439,ORD-000566,PROD-0012,2,59.99,6.0
ITEM-001440,ORD-000566,PROD-0047,1,17.99,0.9
ITEM-001441,ORD-000567,PROD-0030,1,139.99,14.0
ITEM-001442,ORD-000567,PROD-0003,1,89.99,4.5
ITEM-001443,ORD-000567,PROD-0035,3,59.99,18.0
ITEM-001444,ORD-000568,PROD-0049,3,16.99,5.1
ITEM-001445,ORD-000569,PROD-0006,2,59.99,0.0
ITEM-001446,ORD-000569,PROD-0020,2,39.99,0.0
ITEM-001447,ORD-000569,PROD-0046,1,149.99,15.0
ITEM-001448,ORD-000569,PROD-0029,2,27.99,0.0
ITEM-001449,ORD-000570,PROD-0045,2,69.99,14.0
ITEM-001450,ORD-000570,PROD-0028,1,34.99,0.0
ITEM-001451,ORD-000571,PROD-0030,2,139.99,14.0
ITEM-001452,ORD-000571,PROD-0010,3,44.99,13.5
ITEM-001453,ORD-000572,PROD-0041,1,29.99,0.0
ITEM-001454,ORD-000572,PROD-0038,2,89.99,0.0
ITEM-001455,ORD-000572,PROD-0007,3,49.99,15.0
ITEM-001456,ORD-000572,PROD-0003,1,89.99,4.5
ITEM-001457,ORD-000573,PROD-0024,2,99.99,0.0
ITEM-001458,ORD-000573,PROD-0002,3,349.99,105.0
ITEM-001459,ORD-000573,PROD-0020,2,39.99,4.0
ITEM-001460,ORD-000574,PROD-0024,1,99.99,10.0
ITEM-001461,ORD-000574,PROD-0012,3,59.99,18.0
ITEM-001462,ORD-000574,PROD-0036,3,22.99,0.0
ITEM-001463,ORD-000574,PROD-0039,1,32.99,0.0
ITEM-001464,ORD-000575,PROD-0041,2,29.99,0.0
ITEM-001465,ORD-000576,PROD-0036,2,22.99,0.0
ITEM-001466,ORD-000576,PROD-0025,2,119.99,24.0
ITEM-001467,ORD-000576,PROD-0008,2,29.99,6.0
ITEM-001468,ORD-000576,PROD-0013,1,129.99,6.5
ITEM-001469,ORD-000577,PROD-0020,1,39.99,0.0
ITEM-001470,ORD-000577,PROD-0027,2,49.99,0.0
ITEM-001471,ORD-000577,PROD-0044,3,19.99,3.0
ITEM-001472,ORD-000578,PROD-0040,2,21.99,0.0
ITEM-001473,ORD-000578,PROD-0042,3,189.99,57.0
ITEM-001474,ORD-000579,PROD-0028,1,34.99,0.0
ITEM-001475,ORD-000579,PROD-0015,3,29.99,0.0
ITEM-001476,ORD-000580,PROD-0021,1,299.99,0.0
ITEM-001477,ORD-000580,PROD-0014,1,34.99,0.0
ITEM-001478,ORD-000581,PROD-0012,1,59.99,3.0
ITEM-001479,ORD-000581,PROD-0016,1,79.99,0.0
ITEM-001480,ORD-000581,PROD-0042,3,189.99,57.0
ITEM-001481,ORD-000582,PROD-0041,3,29.99,0.0
ITEM-001482,ORD-000583,PROD-0012,2,59.99,6.0
ITEM-001483,ORD-000583,PROD-0006,1,59.99,6.0
ITEM-001484,ORD-000583,PROD-0005,1,279.99,28.0
ITEM-001485,ORD-000584,PROD-0011,1,24.99,0.0
ITEM-001486,ORD-000584,PROD-0012,1,59.99,3.0
ITEM-001487,ORD-000584,PROD-0020,2,39.99,8.0
ITEM-001488,ORD-000584,PROD-0001,3,199.99,0.0
ITEM-001489,ORD-000585,PROD-0035,1,59.99,0.0
ITEM-001490,ORD-000586,PROD-0009,3,34.99,0.0
ITEM-001491,ORD-000586,PROD-0015,2,29.99,0.0
ITEM-001492,ORD-000586,PROD-0006,2,59.99,6.0
ITEM-001493,ORD-000587,PROD-0012,3,59.99,9.0
ITEM-001494,ORD-000587,PROD-0013,1,129.99,6.5
ITEM-001495,ORD-000587,PROD-0044,1,19.99,2.0
ITEM-001496,ORD-000588,PROD-0040,2,21.99,4.4
ITEM-001497,ORD-000588,PROD-0007,1,49.99,2.5
ITEM-001498,ORD-000588,PROD-0039,2,32.99,0.0
ITEM-001499,ORD-000589,PROD-0038,3,89.99,13.5
ITEM-001500,ORD-000589,PROD-0027,2,49.99,0.0
ITEM-001501,ORD-000589,PROD-0019,1,49.99,0.0
ITEM-001502,ORD-000590,PROD-0005,3,279.99,42.0
ITEM-001503,ORD-000590,PROD-0014,2,34.99,0.0
ITEM-001504,ORD-000591,PROD-0015,2,29.99,3.0
ITEM-001505,ORD-000591,PROD-0036,3,22.99,0.0
ITEM-001506,ORD-000591,PROD-0005,3,279.99,0.0
ITEM-001507,ORD-000592,PROD-0037,3,18.99,5.7
ITEM-001508,ORD-000593,PROD-0004,2,39.99,0.0
ITEM-001509,ORD-000593,PROD-0032,2,19.99,0.0
ITEM-001510,ORD-000594,PROD-0019,1,49.99,0.0
ITEM-001511,ORD-000595,PROD-0022,3,149.99,0.0
ITEM-001512,ORD-000596,PROD-0036,2,22.99,4.6
ITEM-001513,ORD-000597,PROD-0024,3,99.99,0.0
ITEM-001514,ORD-000598,PROD-0006,3,59.99,9.0
ITEM-001515,ORD-000598,PROD-0013,3,129.99,0.0
ITEM-001516,ORD-000599,PROD-0020,1,39.99,2.0
ITEM-001517,ORD-000600,PROD-0008,3,29.99,9.0
ITEM-001518,ORD-000600,PROD-0009,3,34.99,0.0
ITEM-001519,ORD-000600,PROD-0021,1,299.99,30.0
ITEM-001520,ORD-000600,PROD-0010,2,44.99,4.5
ITEM-001521,ORD-000601,PROD-0046,3,149.99,0.0
ITEM-001522,ORD-000601,PROD-0006,3,59.99,0.0
ITEM-001523,ORD-000601,PROD-0023,3,249.99,0.0
ITEM-001524,ORD-000602,PROD-0001,1,199.99,20.0
ITEM-001525,ORD-000602,PROD-0043,1,24.99,2.5
ITEM-001526,ORD-000603,PROD-0042,1,189.99,0.0
ITEM-001527,ORD-000603,PROD-0010,2,44.99,9.0
ITEM-001528,ORD-000603,PROD-0033,2,79.99,0.0
ITEM-001529,ORD-000603,PROD-0007,2,49.99,0.0
ITEM-001530,ORD-000604,PROD-0037,1,18.99,1.9
ITEM-001531,ORD-000604,PROD-0042,1,189.99,0.0
ITEM-001532,ORD-000604,PROD-0007,1,49.99,0.0
ITEM-001533,ORD-000605,PROD-0023,1,249.99,12.5
ITEM-001534,ORD-000605,PROD-0017,1,64.99,6.5
ITEM-001535,ORD-000605,PROD-0008,3,29.99,4.5
ITEM-001536,ORD-000605,PROD-0036,1,22.99,0.0
ITEM-001537,ORD-000606,PROD-0039,3,32.99,9.9
ITEM-001538,ORD-000606,PROD-0018,1,14.99,0.0
ITEM-001539,ORD-000607,PROD-0016,1,79.99,4.0
ITEM-001540,ORD-000607,PROD-0005,3,279.99,84.0
ITEM-001541,ORD-000607,PROD-0035,1,59.99,0.0
ITEM-001542,ORD-000608,PROD-0023,2,249.99,25.0
ITEM-001543,ORD-000608,PROD-0041,3,29.99,0.0
ITEM-001544,ORD-000609,PROD-0048,1,22.99,1.15
ITEM-001545,ORD-000609,PROD-0020,3,39.99,0.0
ITEM-001546,ORD-000609,PROD-0045,1,69.99,0.0
ITEM-001547,ORD-000609,PROD-0016,2,79.99,16.0
ITEM-001548,ORD-000610,PROD-0002,1,349.99,0.0
ITEM-001549,ORD-000610,PROD-0012,1,59.99,3.0
ITEM-001550,ORD-000610,PROD-0017,3,64.99,0.0
ITEM-001551,ORD-000611,PROD-0037,3,18.99,2.85
ITEM-001552,ORD-000612,PROD-0050,1,449.99,22.5
ITEM-001553,ORD-000612,PROD-0007,2,49.99,10.0
ITEM-001554,ORD-000613,PROD-0030,2,139.99,14.0
ITEM-001555,ORD-000613,PROD-0001,3,199.99,60.0
ITEM-001556,ORD-000613,PROD-0023,3,249.99,0.0
ITEM-001557,ORD-000614,PROD-0002,3,349.99,105.0
ITEM-001558,ORD-000614,PROD-0016,3,79.99,0.0
ITEM-001559,ORD-000614,PROD-0037,2,18.99,0.0
ITEM-001560,ORD-000614,PROD-0048,3,22.99,6.9
ITEM-001561,ORD-000615,PROD-0038,1,89.99,0.0
ITEM-001562,ORD-000615,PROD-0027,3,49.99,7.5
ITEM-001563,ORD-000615,PROD-0018,1,14.99,1.5
ITEM-001564,ORD-000615,PROD-0020,3,39.99,6.0
ITEM-001565,ORD-000616,PROD-0034,3,28.99,0.0
ITEM-001566,ORD-000616,PROD-0019,2,49.99,0.0
ITEM-001567,ORD-000617,PROD-0004,2,39.99,4.0
ITEM-001568,ORD-000618,PROD-0006,2,59.99,0.0
ITEM-001569,ORD-000618,PROD-0046,1,149.99,15.0
ITEM-001570,ORD-000619,PROD-0016,2,79.99,16.0
ITEM-001571,ORD-000619,PROD-0044,1,19.99,1.0
ITEM-001572,ORD-000619,PROD-0041,3,29.99,4.5
ITEM-001573,ORD-000620,PROD-0017,2,64.99,0.0
ITEM-001574,ORD-000620,PROD-0009,1,34.99,1.75
ITEM-001575,ORD-000621,PROD-0034,3,28.99,4.35
ITEM-001576,ORD-000621,PROD-0029,3,27.99,4.2
ITEM-001577,ORD-000622,PROD-0036,1,22.99,2.3
ITEM-001578,ORD-000623,PROD-0009,3,34.99,5.25
ITEM-001579,ORD-000623,PROD-0040,1,21.99,2.2
ITEM-001580,ORD-000623,PROD-0035,1,59.99,6.0
ITEM-001581,ORD-000624,PROD-0006,1,59.99,3.0
ITEM-001582,ORD-000625,PROD-0037,2,18.99,0.0
ITEM-001583,ORD-000625,PROD-0031,1,34.99,0.0
ITEM-001584,ORD-000625,PROD-0045,3,69.99,0.0
ITEM-001585,ORD-000626,PROD-0044,1,19.99,1.0
ITEM-001586,ORD-000626,PROD-0041,3,29.99,0.0
ITEM-001587,ORD-000627,PROD-0039,3,32.99,0.0
ITEM-001588,ORD-000627,PROD-0008,1,29.99,3.0
ITEM-001589,ORD-000628,PROD-0031,2,34.99,7.0
ITEM-001590,ORD-000628,PROD-0012,3,59.99,0.0
ITEM-001591,ORD-000628,PROD-0016,3,79.99,0.0
ITEM-001592,ORD-000628,PROD-0035,3,59.99,0.0
ITEM-001593,ORD-000629,PROD-0043,2,24.99,2.5
ITEM-001594,ORD-000629,PROD-0007,2,49.99,10.0
ITEM-001595,ORD-000629,PROD-0038,1,89.99,9.0
ITEM-001596,ORD-000630,PROD-0037,2,18.99,0.0
ITEM-001597,ORD-000631,PROD-0047,1,17.99,0.9
ITEM-001598,ORD-000631,PROD-0030,3,139.99,0.0
ITEM-001599,ORD-000631,PROD-0018,3,14.99,4.5
ITEM-001600,ORD-000631,PROD-0001,1,199.99,0.0
ITEM-001601,ORD-000632,PROD-0026,2,39.99,8.0
ITEM-001602,ORD-000632,PROD-0005,3,279.99,0.0
ITEM-001603,ORD-000632,PROD-0042,3,189.99,28.5
ITEM-001604,ORD-000633,PROD-0005,1,279.99,0.0
ITEM-001605,ORD-000633,PROD-0003,1,89.99,0.0
ITEM-001606,ORD-000633,PROD-0002,2,349.99,70.0
ITEM-001607,ORD-000633,PROD-0047,2,17.99,0.0
ITEM-001608,ORD-000634,PROD-0049,3,16.99,2.55
ITEM-001609,ORD-000634,PROD-0027,1,49.99,0.0
ITEM-001610,ORD-000634,PROD-0005,3,279.99,0.0
ITEM-001611,ORD-000634,PROD-0004,2,39.99,4.0
ITEM-001612,ORD-000635,PROD-0045,2,69.99,14.0
ITEM-001613,ORD-000636,PROD-0044,3,19.99,0.0
ITEM-001614,ORD-000636,PROD-0019,3,49.99,0.0
ITEM-001615,ORD-000636,PROD-0015,1,29.99,0.0
ITEM-001616,ORD-000636,PROD-0013,1,129.99,0.0
ITEM-001617,ORD-000637,PROD-0013,3,129.99,19.5
ITEM-001618,ORD-000637,PROD-0014,2,34.99,0.0
ITEM-001619,ORD-000637,PROD-0037,1,18.99,1.9
ITEM-001620,ORD-000637,PROD-0031,2,34.99,7.0
ITEM-001621,ORD-000638,PROD-0008,2,29.99,0.0
ITEM-001622,ORD-000639,PROD-0025,1,119.99,0.0
ITEM-001623,ORD-000639,PROD-0046,2,149.99,0.0
ITEM-001624,ORD-000639,PROD-0023,3,249.99,0.0
ITEM-001625,ORD-000640,PROD-0038,2,89.99,9.0
ITEM-001626,ORD-000641,PROD-0049,1,16.99,0.85
ITEM-001627,ORD-000641,PROD-0004,3,39.99,0.0
ITEM-001628,ORD-000641,PROD-0009,1,34.99,0.0
ITEM-001629,ORD-000642,PROD-0009,1,34.99,0.0
ITEM-001630,ORD-000642,PROD-0018,1,14.99,0.75
ITEM-001631,ORD-000642,PROD-0047,2,17.99,0.0
ITEM-001632,ORD-000642,PROD-0003,1,89.99,9.0
ITEM-001633,ORD-000643,PROD-0045,1,69.99,0.0
ITEM-001634,ORD-000643,PROD-0009,2,34.99,0.0
ITEM-001635,ORD-000643,PROD-0028,3,34.99,5.25
ITEM-001636,ORD-000643,PROD-0036,2,22.99,0.0
ITEM-001637,ORD-000644,PROD-0006,1,59.99,0.0
ITEM-001638,ORD-000644,PROD-0038,3,89.99,0.0
ITEM-001639,ORD-000645,PROD-0009,2,34.99,0.0
ITEM-001640,ORD-000646,PROD-0039,2,32.99,0.0
ITEM-001641,ORD-000646,PROD-0026,1,39.99,2.0
ITEM-001642,ORD-000647,PROD-0029,2,27.99,2.8
ITEM-001643,ORD-000647,PROD-0046,3,149.99,22.5
ITEM-001644,ORD-000648,PROD-0004,2,39.99,8.0
ITEM-001645,ORD-000649,PROD-0034,2,28.99,0.0
ITEM-001646,ORD-000649,PROD-0015,3,29.99,0.0
ITEM-001647,ORD-000650,PROD-0018,2,14.99,3.0
ITEM-001648,ORD-000651,PROD-0040,1,21.99,2.2
ITEM-001649,ORD-000651,PROD-0025,1,119.99,0.0
ITEM-001650,ORD-000651,PROD-0032,1,19.99,2.0
ITEM-001651,ORD-000652,PROD-0017,1,64.99,0.0
ITEM-001652,ORD-000652,PROD-0049,3,16.99,5.1
ITEM-001653,ORD-000652,PROD-0038,3,89.99,0.0
ITEM-001654,ORD-000653,PROD-0028,3,34.99,5.25
ITEM-001655,ORD-000653,PROD-0037,1,18.99,1.9
ITEM-001656,ORD-000653,PROD-0047,2,17.99,0.0
ITEM-001657,ORD-000653,PROD-0050,1,449.99,0.0
ITEM-001658,ORD-000654,PROD-0050,2,449.99,45.0
ITEM-001659,ORD-000654,PROD-0035,1,59.99,3.0
ITEM-001660,ORD-000655,PROD-0017,2,64.99,0.0
ITEM-001661,ORD-000655,PROD-0012,2,59.99,0.0
ITEM-001662,ORD-000655,PROD-0029,2,27.99,0.0
ITEM-001663,ORD-000656,PROD-0004,3,39.99,6.0
ITEM-001664,ORD-000656,PROD-0038,2,89.99,0.0
ITEM-001665,ORD-000656,PROD-0006,2,59.99,6.0
ITEM-001666,ORD-000656,PROD-0018,1,14.99,0.0
ITEM-001667,ORD-000657,PROD-0012,3,59.99,18.0
ITEM-001668,ORD-000658,PROD-0004,2,39.99,4.0
ITEM-001669,ORD-000658,PROD-0046,1,149.99,7.5
ITEM-001670,ORD-000659,PROD-0005,3,279.99,84.0
ITEM-001671,ORD-000660,PROD-0044,3,19.99,6.0
ITEM-001672,ORD-000660,PROD-0027,2,49.99,0.0
ITEM-001673,ORD-000660,PROD-0005,1,279.99,14.0
ITEM-001674,ORD-000661,PROD-0031,1,34.99,0.0
ITEM-001675,ORD-000661,PROD-0019,2,49.99,0.0
ITEM-001676,ORD-000661,PROD-0040,2,21.99,0.0
ITEM-001677,ORD-000662,PROD-0033,3,79.99,12.0
ITEM-001678,ORD-000662,PROD-0046,2,149.99,0.0
ITEM-001679,ORD-000662,PROD-0050,1,449.99,45.0
ITEM-001680,ORD-000663,PROD-0035,1,59.99,6.0
ITEM-001681,ORD-000663,PROD-0047,3,17.99,5.4
ITEM-001682,ORD-000663,PROD-0008,2,29.99,3.0
ITEM-001683,ORD-000663,PROD-0034,1,28.99,1.45
ITEM-001684,ORD-000664,PROD-0021,1,299.99,30.0
ITEM-001685,ORD-000664,PROD-0048,2,22.99,2.3
ITEM-001686,ORD-000664,PROD-0008,2,29.99,6.0
ITEM-001687,ORD-000664,PROD-0045,2,69.99,14.0
ITEM-001688,ORD-000665,PROD-0039,2,32.99,3.3
ITEM-001689,ORD-000665,PROD-0017,2,64.99,0.0
ITEM-001690,ORD-000666,PROD-0041,2,29.99,0.0
ITEM-001691,ORD-000666,PROD-0050,2,449.99,45.0
ITEM-001692,ORD-000666,PROD-0013,3,129.99,39.0
ITEM-001693,ORD-000666,PROD-0012,1,59.99,0.0
ITEM-001694,ORD-000667,PROD-0028,3,34.99,0.0
ITEM-001695,ORD-000667,PROD-0023,3,249.99,37.5
ITEM-001696,ORD-000667,PROD-0009,1,34.99,1.75
ITEM-001697,ORD-000667,PROD-0026,2,39.99,0.0
ITEM-001698,ORD-000668,PROD-0041,2,29.99,6.0
ITEM-001699,ORD-000668,PROD-0029,3,27.99,0.0
ITEM-001700,ORD-000668,PROD-0048,3,22.99,0.0
ITEM-001701,ORD-000668,PROD-0028,1,34.99,1.75
ITEM-001702,ORD-000669,PROD-0050,2,449.99,90.0
ITEM-001703,ORD-000669,PROD-0007,3,49.99,15.0
ITEM-001704,ORD-000669,PROD-0015,2,29.99,3.0
ITEM-001705,ORD-000670,PROD-0037,1,18.99,0.95
ITEM-001706,ORD-000670,PROD-0040,1,21.99,1.1
ITEM-001707,ORD-000670,PROD-0021,2,299.99,0.0
ITEM-001708,ORD-000671,PROD-0010,3,44.99,0.0
ITEM-001709,ORD-000671,PROD-0007,1,49.99,5.0
ITEM-001710,ORD-000671,PROD-0014,1,34.99,1.75
ITEM-001711,ORD-000672,PROD-0030,1,139.99,0.0
ITEM-001712,ORD-000672,PROD-0019,2,49.99,10.0
ITEM-001713,ORD-000673,PROD-0023,1,249.99,0.0
ITEM-001714,ORD-000674,PROD-0041,1,29.99,1.5
ITEM-001715,ORD-000674,PROD-0048,1,22.99,2.3
ITEM-001716,ORD-000674,PROD-0033,3,79.99,12.0
ITEM-001717,ORD-000674,PROD-0044,3,19.99,0.0
ITEM-001718,ORD-000675,PROD-0044,2,19.99,4.0
ITEM-001719,ORD-000675,PROD-0013,1,129.99,13.0
ITEM-001720,ORD-000676,PROD-0001,1,199.99,20.0
ITEM-001721,ORD-000676,PROD-0028,3,34.99,0.0
ITEM-001722,ORD-000677,PROD-0040,3,21.99,0.0
ITEM-001723,ORD-000677,PROD-0025,3,119.99,18.0
ITEM-001724,ORD-000677,PROD-0041,2,29.99,0.0
ITEM-001725,ORD-000678,PROD-0032,2,19.99,4.0
ITEM-001726,ORD-000678,PROD-0041,2,29.99,0.0
ITEM-001727,ORD-000678,PROD-0026,1,39.99,0.0
ITEM-001728,ORD-000678,PROD-0039,2,32.99,6.6
ITEM-001729,ORD-000679,PROD-0030,3,139.99,0.0
ITEM-001730,ORD-000679,PROD-0021,2,299.99,0.0
ITEM-001731,ORD-000680,PROD-0002,2,349.99,0.0
ITEM-001732,ORD-000680,PROD-0019,2,49.99,0.0
ITEM-001733,ORD-000681,PROD-0029,1,27.99,1.4
ITEM-001734,ORD-000681,PROD-0028,1,34.99,1.75
ITEM-001735,ORD-000681,PROD-0026,1,39.99,2.0
ITEM-001736,ORD-000681,PROD-0017,1,64.99,0.0
ITEM-001737,ORD-000682,PROD-0047,1,17.99,1.8
ITEM-001738,ORD-000683,PROD-0042,1,189.99,0.0
ITEM-001739,ORD-000684,PROD-0046,2,149.99,15.0
ITEM-001740,ORD-000684,PROD-0015,3,29.99,0.0
ITEM-001741,ORD-000684,PROD-0019,1,49.99,0.0
ITEM-001742,ORD-000684,PROD-0011,3,24.99,0.0
ITEM-001743,ORD-000685,PROD-0015,3,29.99,0.0
ITEM-001744,ORD-000686,PROD-0005,1,279.99,28.0
ITEM-001745,ORD-000687,PROD-0007,3,49.99,15.0
ITEM-001746,ORD-000687,PROD-0048,1,22.99,1.15
ITEM-001747,ORD-000688,PROD-0030,2,139.99,28.0
ITEM-001748,ORD-000688,PROD-0013,2,129.99,0.0
ITEM-001749,ORD-000688,PROD-0007,2,49.99,5.0
ITEM-001750,ORD-000689,PROD-0024,1,99.99,10.0
ITEM-001751,ORD-000689,PROD-0049,1,16.99,1.7
ITEM-001752,ORD-000689,PROD-0035,2,59.99,6.0
ITEM-001753,ORD-000689,PROD-0046,1,149.99,7.5
ITEM-001754,ORD-000690,PROD-0038,2,89.99,18.0
ITEM-001755,ORD-000690,PROD-0016,3,79.99,0.0
ITEM-001756,ORD-000690,PROD-0006,2,59.99,6.0
ITEM-001757,ORD-000690,PROD-0010,1,44.99,0.0
ITEM-001758,ORD-000691,PROD-0049,2,16.99,3.4
ITEM-001759,ORD-000691,PROD-0036,3,22.99,0.0
ITEM-001760,ORD-000692,PROD-0025,1,119.99,0.0
ITEM-001761,ORD-000693,PROD-0003,2,89.99,18.0
ITEM-001762,ORD-000694,PROD-0048,2,22.99,4.6
ITEM-001763,ORD-000694,PROD-0036,2,22.99,2.3
ITEM-001764,ORD-000695,PROD-0034,3,28.99,4.35
ITEM-001765,ORD-000695,PROD-0044,2,19.99,4.0
ITEM-001766,ORD-000695,PROD-0014,2,34.99,0.0
ITEM-001767,ORD-000696,PROD-0031,1,34.99,1.75
ITEM-001768,ORD-000696,PROD-0005,1,279.99,0.0
ITEM-001769,ORD-000697,PROD-0005,3,279.99,0.0
ITEM-001770,ORD-000697,PROD-0023,1,249.99,0.0
ITEM-001771,ORD-000698,PROD-0017,3,64.99,0.0
ITEM-001772,ORD-000698,PROD-0036,1,22.99,0.0
ITEM-001773,ORD-000698,PROD-0035,1,59.99,0.0
ITEM-001774,ORD-000698,PROD-0042,2,189.99,0.0
ITEM-001775,ORD-000699,PROD-0022,3,149.99,22.5
ITEM-001776,ORD-000699,PROD-0037,3,18.99,5.7
ITEM-001777,ORD-000699,PROD-0050,1,449.99,0.0
ITEM-001778,ORD-000699,PROD-0038,1,89.99,0.0
ITEM-001779,ORD-000700,PROD-0033,2,79.99,16.0
ITEM-001780,ORD-000700,PROD-0029,3,27.99,0.0
ITEM-001781,ORD-000701,PROD-0023,3,249.99,0.0
ITEM-001782,ORD-000701,PROD-0020,3,39.99,0.0
ITEM-001783,ORD-000701,PROD-0034,1,28.99,1.45
ITEM-001784,ORD-000701,PROD-0021,3,299.99,0.0
ITEM-001785,ORD-000702,PROD-0036,2,22.99,2.3
ITEM-001786,ORD-000703,PROD-0050,2,449.99,0.0
ITEM-001787,ORD-000703,PROD-0043,3,24.99,0.0
ITEM-001788,ORD-000703,PROD-0023,2,249.99,25.0
ITEM-001789,ORD-000703,PROD-0047,1,17.99,0.0
ITEM-001790,ORD-000704,PROD-0001,2,199.99,20.0
ITEM-001791,ORD-000704,PROD-0038,1,89.99,4.5
ITEM-001792,ORD-000705,PROD-0042,1,189.99,9.5
ITEM-001793,ORD-000705,PROD-0031,1,34.99,0.0
ITEM-001794,ORD-000705,PROD-0026,2,39.99,8.0
ITEM-001795,ORD-000706,PROD-0046,1,149.99,0.0
ITEM-001796,ORD-000706,PROD-0048,1,22.99,0.0
ITEM-001797,ORD-000707,PROD-0042,3,189.99,0.0
ITEM-001798,ORD-000707,PROD-0040,3,21.99,3.3
ITEM-001799,ORD-000708,PROD-0027,1,49.99,0.0
ITEM-001800,ORD-000708,PROD-0043,3,24.99,3.75
ITEM-001801,ORD-000708,PROD-0004,1,39.99,0.0
ITEM-001802,ORD-000708,PROD-0005,2,279.99,0.0
ITEM-001803,ORD-000709,PROD-0041,1,29.99,1.5
ITEM-001804,ORD-000709,PROD-0048,2,22.99,0.0
ITEM-001805,ORD-000710,PROD-0006,1,59.99,0.0
ITEM-001806,ORD-000711,PROD-0014,3,34.99,5.25
ITEM-001807,ORD-000712,PROD-0048,3,22.99,0.0
ITEM-001808,ORD-000712,PROD-0049,2,16.99,1.7
ITEM-001809,ORD-000713,PROD-0018,1,14.99,0.75
ITEM-001810,ORD-000713,PROD-0013,2,129.99,26.0
ITEM-001811,ORD-000714,PROD-0023,3,249.99,75.0
ITEM-001812,ORD-000714,PROD-0050,3,449.99,0.0
ITEM-001813,ORD-000714,PROD-0042,1,189.99,0.0
ITEM-001814,ORD-000715,PROD-0045,3,69.99,10.5
ITEM-001815,ORD-000715,PROD-0033,1,79.99,4.0
ITEM-001816,ORD-000715,PROD-0036,2,22.99,0.0
ITEM-001817,ORD-000716,PROD-0024,3,99.99,0.0
ITEM-001818,ORD-000716,PROD-0037,1,18.99,0.95
ITEM-001819,ORD-000716,PROD-0025,1,119.99,0.0
ITEM-001820,ORD-000717,PROD-0020,3,39.99,0.0
ITEM-001821,ORD-000717,PROD-0011,2,24.99,5.0
ITEM-001822,ORD-000717,PROD-0030,3,139.99,42.0
ITEM-001823,ORD-000718,PROD-0031,2,34.99,0.0
ITEM-001824,ORD-000718,PROD-0044,1,19.99,0.0
ITEM-001825,ORD-000718,PROD-0026,2,39.99,8.0
ITEM-001826,ORD-000719,PROD-0020,3,39.99,0.0
ITEM-001827,ORD-000719,PROD-0039,3,32.99,0.0
ITEM-001828,ORD-000720,PROD-0023,2,249.99,0.0
ITEM-001829,ORD-000720,PROD-0030,3,139.99,0.0
ITEM-001830,ORD-000721,PROD-0014,1,34.99,0.0
ITEM-001831,ORD-000721,PROD-0028,3,34.99,5.25
ITEM-001832,ORD-000722,PROD-0031,2,34.99,7.0
ITEM-001833,ORD-000722,PROD-0043,3,24.99,0.0
ITEM-001834,ORD-000723,PROD-0026,2,39.99,4.0
ITEM-001835,ORD-000723,PROD-0050,3,449.99,135.0
ITEM-001836,ORD-000724,PROD-0043,1,24.99,0.0
ITEM-001837,ORD-000724,PROD-0048,2,22.99,2.3
ITEM-001838,ORD-000724,PROD-0038,1,89.99,9.0
ITEM-001839,ORD-000724,PROD-0002,3,349.99,0.0
ITEM-001840,ORD-000725,PROD-0022,2,149.99,0.0
ITEM-001841,ORD-000726,PROD-0027,2,49.99,0.0
ITEM-001842,ORD-000726,PROD-0012,1,59.99,3.0
ITEM-001843,ORD-000726,PROD-0011,1,24.99,2.5
ITEM-001844,ORD-000727,PROD-0044,3,19.99,6.0
ITEM-001845,ORD-000727,PROD-0030,2,139.99,0.0
ITEM-001846,ORD-000727,PROD-0001,2,199.99,40.0
ITEM-001847,ORD-000727,PROD-0032,2,19.99,0.0
ITEM-001848,ORD-000728,PROD-0046,1,149.99,0.0
ITEM-001849,ORD-000728,PROD-0022,2,149.99,30.0
ITEM-001850,ORD-000728,PROD-0035,3,59.99,0.0
ITEM-001851,ORD-000728,PROD-0024,1,99.99,0.0
ITEM-001852,ORD-000729,PROD-0033,3,79.99,24.0
ITEM-001853,ORD-000729,PROD-0040,2,21.99,2.2
ITEM-001854,ORD-000730,PROD-0017,3,64.99,9.75
ITEM-001855,ORD-000730,PROD-0028,1,34.99,1.75
ITEM-001856,ORD-000730,PROD-0022,1,149.99,7.5
ITEM-001857,ORD-000731,PROD-0041,1,29.99,1.5
ITEM-001858,ORD-000731,PROD-0003,3,89.99,27.0
ITEM-001859,ORD-000731,PROD-0039,1,32.99,0.0
ITEM-001860,ORD-000732,PROD-0045,3,69.99,21.0
ITEM-001861,ORD-000732,PROD-0040,1,21.99,0.0
ITEM-001862,ORD-000732,PROD-0016,3,79.99,0.0
ITEM-001863,ORD-000732,PROD-0047,3,17.99,0.0
ITEM-001864,ORD-000733,PROD-0047,1,17.99,1.8
ITEM-001865,ORD-000733,PROD-0042,1,189.99,9.5
ITEM-001866,ORD-000733,PROD-0048,3,22.99,0.0
ITEM-001867,ORD-000734,PROD-0018,1,14.99,0.75
ITEM-001868,ORD-000734,PROD-0048,1,22.99,2.3
ITEM-001869,ORD-000734,PROD-0045,3,69.99,10.5
ITEM-001870,ORD-000734,PROD-0050,2,449.99,0.0
ITEM-001871,ORD-000735,PROD-0007,3,49.99,7.5
ITEM-001872,ORD-000735,PROD-0015,1,29.99,0.0
ITEM-001873,ORD-000735,PROD-0002,3,349.99,52.5
ITEM-001874,ORD-000736,PROD-0035,3,59.99,0.0
ITEM-001875,ORD-000736,PROD-0025,2,119.99,12.0
ITEM-001876,ORD-000736,PROD-0031,2,34.99,3.5
ITEM-001877,ORD-000737,PROD-0044,2,19.99,4.0
ITEM-001878,ORD-000737,PROD-0025,3,119.99,36.0
ITEM-001879,ORD-000738,PROD-0019,2,49.99,10.0
ITEM-001880,ORD-000738,PROD-0049,3,16.99,2.55
ITEM-001881,ORD-000738,PROD-0021,2,299.99,0.0
ITEM-001882,ORD-000739,PROD-0025,1,119.99,0.0
ITEM-001883,ORD-000739,PROD-0039,2,32.99,0.0
ITEM-001884,ORD-000740,PROD-0050,2,449.99,90.0
ITEM-001885,ORD-000740,PROD-0048,1,22.99,2.3
ITEM-001886,ORD-000741,PROD-0043,3,24.99,3.75
ITEM-001887,ORD-000742,PROD-0019,2,49.99,5.0
ITEM-001888,ORD-000742,PROD-0029,3,27.99,0.0
ITEM-001889,ORD-000742,PROD-0011,1,24.99,2.5
ITEM-001890,ORD-000742,PROD-0012,2,59.99,12.0
ITEM-001891,ORD-000743,PROD-0039,3,32.99,9.9
ITEM-001892,ORD-000744,PROD-0044,3,19.99,6.0
ITEM-001893,ORD-000744,PROD-0006,1,59.99,0.0
ITEM-001894,ORD-000744,PROD-0024,3,99.99,0.0
ITEM-001895,ORD-000744,PROD-0002,3,349.99,0.0
ITEM-001896,ORD-000745,PROD-0030,2,139.99,0.0
ITEM-001897,ORD-000745,PROD-0016,2,79.99,0.0
ITEM-001898,ORD-000745,PROD-0044,2,19.99,0.0
ITEM-001899,ORD-000745,PROD-0039,3,32.99,0.0
ITEM-001900,ORD-000746,PROD-0017,3,64.99,0.0
ITEM-001901,ORD-000746,PROD-0046,3,149.99,0.0
ITEM-001902,ORD-000746,PROD-0035,2,59.99,0.0
ITEM-001903,ORD-000746,PROD-0008,3,29.99,9.0
ITEM-001904,ORD-000747,PROD-0047,1,17.99,0.9
ITEM-001905,ORD-000748,PROD-0031,2,34.99,0.0
ITEM-001906,ORD-000748,PROD-0014,3,34.99,0.0
ITEM-001907,ORD-000749,PROD-0045,2,69.99,7.0
ITEM-001908,ORD-000749,PROD-0029,3,27.99,0.0
ITEM-001909,ORD-000749,PROD-0022,1,149.99,7.5
ITEM-001910,ORD-000750,PROD-0031,3,34.99,5.25
ITEM-001911,ORD-000750,PROD-0046,1,149.99,0.0
ITEM-001912,ORD-000750,PROD-0029,1,27.99,1.4
ITEM-001913,ORD-000751,PROD-0038,1,89.99,0.0
ITEM-001914,ORD-000751,PROD-0020,3,39.99,12.0
ITEM-001915,ORD-000752,PROD-0034,2,28.99,0.0
ITEM-001916,ORD-000752,PROD-0024,3,99.99,30.0
ITEM-001917,ORD-000752,PROD-0025,1,119.99,12.0
ITEM-001918,ORD-000753,PROD-0020,1,39.99,0.0
ITEM-001919,ORD-000753,PROD-0014,3,34.99,0.0
ITEM-001920,ORD-000754,PROD-0048,3,22.99,0.0
ITEM-001921,ORD-000755,PROD-0022,3,149.99,0.0
ITEM-001922,ORD-000756,PROD-0016,3,79.99,0.0
ITEM-001923,ORD-000756,PROD-0017,3,64.99,0.0
ITEM-001924,ORD-000757,PROD-0006,3,59.99,0.0
ITEM-001925,ORD-000757,PROD-0048,1,22.99,1.15
ITEM-001926,ORD-000757,PROD-0013,3,129.99,39.0
ITEM-001927,ORD-000758,PROD-0031,2,34.99,0.0
ITEM-001928,ORD-000758,PROD-0008,1,29.99,0.0
ITEM-001929,ORD-000759,PROD-0047,2,17.99,0.0
ITEM-001930,ORD-000760,PROD-0039,1,32.99,1.65
ITEM-001931,ORD-000760,PROD-0018,3,14.99,4.5
ITEM-001932,ORD-000760,PROD-0032,3,19.99,3.0
ITEM-001933,ORD-000760,PROD-0041,3,29.99,4.5
ITEM-001934,ORD-000761,PROD-0018,3,14.99,2.25
ITEM-001935,ORD-000761,PROD-0044,1,19.99,0.0
ITEM-001936,ORD-000761,PROD-0036,2,22.99,4.6
ITEM-001937,ORD-000762,PROD-0007,3,49.99,0.0
ITEM-001938,ORD-000762,PROD-0029,1,27.99,0.0
ITEM-001939,ORD-000762,PROD-0022,1,149.99,0.0
ITEM-001940,ORD-000763,PROD-0044,2,19.99,0.0
ITEM-001941,ORD-000764,PROD-0011,3,24.99,7.5
ITEM-001942,ORD-000764,PROD-0040,3,21.99,6.6
ITEM-001943,ORD-000764,PROD-0043,3,24.99,3.75
ITEM-001944,ORD-000764,PROD-0021,1,299.99,15.0
ITEM-001945,ORD-000765,PROD-0020,3,39.99,6.0
ITEM-001946,ORD-000765,PROD-0022,2,149.99,30.0
ITEM-001947,ORD-000766,PROD-0004,1,39.99,4.0
ITEM-001948,ORD-000766,PROD-0027,1,49.99,0.0
ITEM-001949,ORD-000766,PROD-0023,3,249.99,37.5
ITEM-001950,ORD-000766,PROD-0042,2,189.99,0.0
ITEM-001951,ORD-000767,PROD-0014,3,34.99,10.5
ITEM-001952,ORD-000767,PROD-0040,2,21.99,0.0
ITEM-001953,ORD-000768,PROD-0047,3,17.99,5.4
ITEM-001954,ORD-000768,PROD-0038,3,89.99,27.0
ITEM-001955,ORD-000768,PROD-0031,1,34.99,1.75
ITEM-001956,ORD-000768,PROD-0003,3,89.99,27.0
ITEM-001957,ORD-000769,PROD-0035,2,59.99,0.0
ITEM-001958,ORD-000769,PROD-0024,3,99.99,0.0
ITEM-001959,ORD-000769,PROD-0029,3,27.99,8.4
ITEM-001960,ORD-000770,PROD-0029,1,27.99,1.4
ITEM-001961,ORD-000771,PROD-0045,1,69.99,3.5
ITEM-001962,ORD-000771,PROD-0002,2,349.99,70.0
ITEM-001963,ORD-000771,PROD-0009,3,34.99,0.0
ITEM-001964,ORD-000772,PROD-0024,3,99.99,15.0
ITEM-001965,ORD-000772,PROD-0022,3,149.99,0.0
ITEM-001966,ORD-000772,PROD-0013,3,129.99,39.0
ITEM-001967,ORD-000772,PROD-0044,2,19.99,0.0
ITEM-001968,ORD-000773,PROD-0033,2,79.99,16.0
ITEM-001969,ORD-000774,PROD-0036,1,22.99,0.0
ITEM-001970,ORD-000775,PROD-0049,3,16.99,5.1
ITEM-001971,ORD-000775,PROD-0005,2,279.99,56.0
ITEM-001972,ORD-000776,PROD-0042,2,189.99,38.0
ITEM-001973,ORD-000776,PROD-0037,3,18.99,5.7
ITEM-001974,ORD-000777,PROD-0002,2,349.99,0.0
ITEM-001975,ORD-000777,PROD-0001,2,199.99,0.0
ITEM-001976,ORD-000777,PROD-0015,3,29.99,4.5
ITEM-001977,ORD-000777,PROD-0021,3,299.99,90.0
ITEM-001978,ORD-000778,PROD-0013,1,129.99,0.0
ITEM-001979,ORD-000778,PROD-0050,1,449.99,0.0
ITEM-001980,ORD-000779,PROD-0021,1,299.99,0.0
ITEM-001981,ORD-000779,PROD-0015,2,29.99,3.0
ITEM-001982,ORD-000779,PROD-0043,1,24.99,1.25
ITEM-001983,ORD-000780,PROD-0029,2,27.99,5.6
ITEM-001984,ORD-000781,PROD-0011,1,24.99,0.0
ITEM-001985,ORD-000782,PROD-0014,3,34.99,5.25
ITEM-001986,ORD-000782,PROD-0006,3,59.99,0.0
ITEM-001987,ORD-000783,PROD-0023,2,249.99,25.0
ITEM-001988,ORD-000784,PROD-0031,3,34.99,5.25
ITEM-001989,ORD-000784,PROD-0002,1,349.99,0.0
ITEM-001990,ORD-000784,PROD-0018,1,14.99,0.0
ITEM-001991,ORD-000784,PROD-0047,3,17.99,0.0
ITEM-001992,ORD-000785,PROD-0004,3,39.99,0.0
ITEM-001993,ORD-000786,PROD-0027,1,49.99,0.0
ITEM-001994,ORD-000786,PROD-0012,3,59.99,0.0
ITEM-001995,ORD-000787,PROD-0026,2,39.99,4.0
ITEM-001996,ORD-000787,PROD-0041,1,29.99,3.0
ITEM-001997,ORD-000787,PROD-0024,1,99.99,10.0
ITEM-001998,ORD-000788,PROD-0015,1,29.99,0.0
ITEM-001999,ORD-000788,PROD-0006,2,59.99,12.0
ITEM-002000,ORD-000788,PROD-0027,3,49.99,15.0
ITEM-002001,ORD-000789,PROD-0009,3,34.99,5.25
ITEM-002002,ORD-000789,PROD-0021,3,299.99,0.0
ITEM-002003,ORD-000789,PROD-0043,3,24.99,0.0
ITEM-002004,ORD-000790,PROD-0048,1,22.99,2.3
ITEM-002005,ORD-000791,PROD-0047,2,17.99,1.8
ITEM-002006,ORD-000791,PROD-0043,2,24.99,2.5
ITEM-002007,ORD-000792,PROD-0038,1,89.99,9.0
ITEM-002008,ORD-000792,PROD-0048,3,22.99,0.0
ITEM-002009,ORD-000793,PROD-0016,1,79.99,8.0
ITEM-002010,ORD-000794,PROD-0013,2,129.99,26.0
ITEM-002011,ORD-000794,PROD-0041,2,29.99,3.0
ITEM-002012,ORD-000794,PROD-0037,1,18.99,0.95
ITEM-002013,ORD-000795,PROD-0032,2,19.99,0.0
ITEM-002014,ORD-000795,PROD-0050,2,449.99,45.0
ITEM-002015,ORD-000795,PROD-0036,3,22.99,0.0
ITEM-002016,ORD-000796,PROD-0008,3,29.99,4.5
ITEM-002017,ORD-000797,PROD-0028,1,34.99,3.5
ITEM-002018,ORD-000797,PROD-0036,3,22.99,0.0
ITEM-002019,ORD-000797,PROD-0006,3,59.99,0.0
ITEM-002020,ORD-000797,PROD-0033,1,79.99,4.0
ITEM-002021,ORD-000798,PROD-0045,1,69.99,3.5
ITEM-002022,ORD-000798,PROD-0034,3,28.99,0.0
ITEM-002023,ORD-000799,PROD-0013,2,129.99,26.0
ITEM-002024,ORD-000799,PROD-0018,3,14.99,4.5
ITEM-002025,ORD-000799,PROD-0004,2,39.99,8.0
ITEM-002026,ORD-000799,PROD-0026,2,39.99,0.0
ITEM-002027,ORD-000800,PROD-0014,3,34.99,0.0
ITEM-002028,ORD-000800,PROD-0047,1,17.99,1.8
ITEM-002029,ORD-000800,PROD-0040,1,21.99,0.0
ITEM-002030,ORD-000801,PROD-0042,2,189.99,0.0
ITEM-002031,ORD-000801,PROD-0027,2,49.99,0.0
ITEM-002032,ORD-000802,PROD-0014,1,34.99,1.75
ITEM-002033,ORD-000802,PROD-0029,1,27.99,0.0
ITEM-002034,ORD-000803,PROD-0015,1,29.99,3.0
ITEM-002035,ORD-000803,PROD-0043,1,24.99,0.0
ITEM-002036,ORD-000803,PROD-0029,3,27.99,4.2
ITEM-002037,ORD-000803,PROD-0020,2,39.99,0.0
ITEM-002038,ORD-000804,PROD-0038,2,89.99,9.0
ITEM-002039,ORD-000804,PROD-0011,1,24.99,0.0
ITEM-002040,ORD-000804,PROD-0046,3,149.99,22.5
ITEM-002041,ORD-000804,PROD-0045,3,69.99,21.0
ITEM-002042,ORD-000805,PROD-0047,3,17.99,2.7
ITEM-002043,ORD-000805,PROD-0018,2,14.99,1.5
ITEM-002044,ORD-000805,PROD-0017,1,64.99,6.5
ITEM-002045,ORD-000806,PROD-0007,2,49.99,10.0
ITEM-002046,ORD-000806,PROD-0050,3,449.99,135.0
ITEM-002047,ORD-000806,PROD-0046,1,149.99,0.0
ITEM-002048,ORD-000807,PROD-0024,3,99.99,30.0
ITEM-002049,ORD-000807,PROD-0038,3,89.99,0.0
ITEM-002050,ORD-000808,PROD-0041,3,29.99,0.0
ITEM-002051,ORD-000808,PROD-0048,1,22.99,0.0
ITEM-002052,ORD-000808,PROD-0050,2,449.99,0.0
ITEM-002053,ORD-000808,PROD-0028,2,34.99,0.0
ITEM-002054,ORD-000809,PROD-0018,1,14.99,0.75
ITEM-002055,ORD-000809,PROD-0029,3,27.99,4.2
ITEM-002056,ORD-000810,PROD-0048,2,22.99,0.0
ITEM-002057,ORD-000810,PROD-0026,2,39.99,0.0
ITEM-002058,ORD-000810,PROD-0049,2,16.99,1.7
ITEM-002059,ORD-000811,PROD-0041,2,29.99,3.0
ITEM-002060,ORD-000812,PROD-0023,1,249.99,0.0
ITEM-002061,ORD-000812,PROD-0022,2,149.99,0.0
ITEM-002062,ORD-000812,PROD-0029,1,27.99,0.0
ITEM-002063,ORD-000812,PROD-0024,3,99.99,15.0
ITEM-002064,ORD-000813,PROD-0026,3,39.99,0.0
ITEM-002065,ORD-000813,PROD-0040,1,21.99,0.0
ITEM-002066,ORD-000814,PROD-0035,1,59.99,6.0
ITEM-002067,ORD-000814,PROD-0023,3,249.99,37.5
ITEM-002068,ORD-000814,PROD-0026,1,39.99,2.0
ITEM-002069,ORD-000815,PROD-0002,3,349.99,0.0
ITEM-002070,ORD-000815,PROD-0032,1,19.99,2.0
ITEM-002071,ORD-000815,PROD-0015,1,29.99,0.0
ITEM-002072,ORD-000816,PROD-0027,3,49.99,15.0
ITEM-002073,ORD-000816,PROD-0012,2,59.99,6.0
ITEM-002074,ORD-000817,PROD-0021,2,299.99,0.0
ITEM-002075,ORD-000817,PROD-0035,1,59.99,3.0
ITEM-002076,ORD-000818,PROD-0035,1,59.99,3.0
ITEM-002077,ORD-000818,PROD-0021,3,299.99,0.0
ITEM-002078,ORD-000818,PROD-0007,2,49.99,5.0
ITEM-002079,ORD-000818,PROD-0039,3,32.99,0.0
ITEM-002080,ORD-000819,PROD-0011,1,24.99,2.5
ITEM-002081,ORD-000820,PROD-0005,3,279.99,42.0
ITEM-002082,ORD-000820,PROD-0047,3,17.99,0.0
ITEM-002083,ORD-000820,PROD-0018,2,14.99,3.0
ITEM-002084,ORD-000821,PROD-0022,3,149.99,45.0
ITEM-002085,ORD-000821,PROD-0015,3,29.99,4.5
ITEM-002086,ORD-000821,PROD-0037,3,18.99,0.0
ITEM-002087,ORD-000822,PROD-0034,2,28.99,0.0
ITEM-002088,ORD-000823,PROD-0002,2,349.99,0.0
ITEM-002089,ORD-000823,PROD-0042,2,189.99,0.0
ITEM-002090,ORD-000824,PROD-0027,1,49.99,2.5
ITEM-002091,ORD-000824,PROD-0025,1,119.99,0.0
ITEM-002092,ORD-000824,PROD-0045,2,69.99,7.0
ITEM-002093,ORD-000824,PROD-0031,1,34.99,3.5
ITEM-002094,ORD-000825,PROD-0013,3,129.99,0.0
ITEM-002095,ORD-000825,PROD-0015,1,29.99,1.5
ITEM-002096,ORD-000825,PROD-0023,3,249.99,0.0
ITEM-002097,ORD-000825,PROD-0042,1,189.99,0.0
ITEM-002098,ORD-000826,PROD-0005,3,279.99,84.0
ITEM-002099,ORD-000826,PROD-0012,1,59.99,3.0
ITEM-002100,ORD-000826,PROD-0013,3,129.99,0.0
ITEM-002101,ORD-000827,PROD-0033,2,79.99,0.0
ITEM-002102,ORD-000827,PROD-0010,3,44.99,0.0
ITEM-002103,ORD-000828,PROD-0023,3,249.99,0.0
ITEM-002104,ORD-000829,PROD-0040,2,21.99,4.4
ITEM-002105,ORD-000829,PROD-0022,2,149.99,0.0
ITEM-002106,ORD-000830,PROD-0016,1,79.99,8.0
ITEM-002107,ORD-000830,PROD-0032,3,19.99,0.0
ITEM-002108,ORD-000831,PROD-0049,2,16.99,1.7
ITEM-002109,ORD-000831,PROD-0035,1,59.99,6.0
ITEM-002110,ORD-000831,PROD-0042,1,189.99,9.5
ITEM-002111,ORD-000831,PROD-0013,3,129.99,39.0
ITEM-002112,ORD-000832,PROD-0032,1,19.99,1.0
ITEM-002113,ORD-000833,PROD-0050,1,449.99,0.0
ITEM-002114,ORD-000833,PROD-0044,1,19.99,0.0
ITEM-002115,ORD-000833,PROD-0045,2,69.99,0.0
ITEM-002116,ORD-000834,PROD-0004,2,39.99,8.0
ITEM-002117,ORD-000835,PROD-0048,3,22.99,3.45
ITEM-002118,ORD-000835,PROD-0033,1,79.99,0.0
ITEM-002119,ORD-000835,PROD-0034,1,28.99,0.0
ITEM-002120,ORD-000835,PROD-0012,1,59.99,0.0
ITEM-002121,ORD-000836,PROD-0019,1,49.99,0.0
ITEM-002122,ORD-000837,PROD-0003,3,89.99,13.5
ITEM-002123,ORD-000837,PROD-0010,2,44.99,4.5
ITEM-002124,ORD-000837,PROD-0039,3,32.99,4.95
ITEM-002125,ORD-000837,PROD-0016,1,79.99,8.0
ITEM-002126,ORD-000838,PROD-0017,3,64.99,19.5
ITEM-002127,ORD-000838,PROD-0039,1,32.99,3.3
ITEM-002128,ORD-000838,PROD-0001,1,199.99,0.0
ITEM-002129,ORD-000838,PROD-0041,1,29.99,0.0
ITEM-002130,ORD-000839,PROD-0035,1,59.99,3.0
ITEM-002131,ORD-000839,PROD-0021,3,299.99,90.0
ITEM-002132,ORD-000840,PROD-0049,1,16.99,1.7
ITEM-002133,ORD-000841,PROD-0034,2,28.99,5.8
ITEM-002134,ORD-000841,PROD-0003,1,89.99,0.0
ITEM-002135,ORD-000842,PROD-0040,1,21.99,2.2
ITEM-002136,ORD-000842,PROD-0024,1,99.99,0.0
ITEM-002137,ORD-000842,PROD-0029,3,27.99,4.2
ITEM-002138,ORD-000842,PROD-0048,2,22.99,2.3
ITEM-002139,ORD-000843,PROD-0025,1,119.99,0.0
ITEM-002140,ORD-000843,PROD-0010,1,44.99,2.25
ITEM-002141,ORD-000843,PROD-0019,2,49.99,0.0
ITEM-002142,ORD-000843,PROD-0033,1,79.99,0.0
ITEM-002143,ORD-000844,PROD-0008,3,29.99,0.0
ITEM-002144,ORD-000845,PROD-0024,1,99.99,0.0
ITEM-002145,ORD-000845,PROD-0003,1,89.99,9.0
ITEM-002146,ORD-000845,PROD-0010,1,44.99,0.0
ITEM-002147,ORD-000846,PROD-0037,3,18.99,0.0
ITEM-002148,ORD-000847,PROD-0019,2,49.99,0.0
ITEM-002149,ORD-000847,PROD-0044,3,19.99,6.0
ITEM-002150,ORD-000847,PROD-0040,3,21.99,3.3
ITEM-002151,ORD-000847,PROD-0025,2,119.99,24.0
ITEM-002152,ORD-000848,PROD-0010,3,44.99,0.0
ITEM-002153,ORD-000848,PROD-0019,2,49.99,5.0
ITEM-002154,ORD-000849,PROD-0030,2,139.99,0.0
ITEM-002155,ORD-000850,PROD-0030,2,139.99,14.0
ITEM-002156,ORD-000850,PROD-0047,3,17.99,5.4
ITEM-002157,ORD-000850,PROD-0029,3,27.99,0.0
ITEM-002158,ORD-000850,PROD-0025,3,119.99,0.0
ITEM-002159,ORD-000851,PROD-0024,2,99.99,0.0
ITEM-002160,ORD-000851,PROD-0042,2,189.99,0.0
ITEM-002161,ORD-000851,PROD-0020,3,39.99,12.0
ITEM-002162,ORD-000851,PROD-0014,2,34.99,7.0
ITEM-002163,ORD-000852,PROD-0043,3,24.99,7.5
ITEM-002164,ORD-000852,PROD-0025,1,119.99,12.0
ITEM-002165,ORD-000853,PROD-0018,3,14.99,0.0
ITEM-002166,ORD-000853,PROD-0048,3,22.99,6.9
ITEM-002167,ORD-000854,PROD-0016,2,79.99,8.0
ITEM-002168,ORD-000854,PROD-0048,3,22.99,0.0
ITEM-002169,ORD-000854,PROD-0009,1,34.99,0.0
ITEM-002170,ORD-000854,PROD-0049,1,16.99,0.85
ITEM-002171,ORD-000855,PROD-0005,2,279.99,56.0
ITEM-002172,ORD-000855,PROD-0024,3,99.99,0.0
ITEM-002173,ORD-000855,PROD-0040,1,21.99,0.0
ITEM-002174,ORD-000856,PROD-0011,3,24.99,3.75
ITEM-002175,ORD-000856,PROD-0036,3,22.99,0.0
ITEM-002176,ORD-000856,PROD-0041,1,29.99,0.0
ITEM-002177,ORD-000856,PROD-0031,2,34.99,0.0
ITEM-002178,ORD-000857,PROD-0031,3,34.99,5.25
ITEM-002179,ORD-000857,PROD-0011,3,24.99,0.0
ITEM-002180,ORD-000857,PROD-0050,1,449.99,45.0
ITEM-002181,ORD-000857,PROD-0002,3,349.99,52.5
ITEM-002182,ORD-000858,PROD-0044,1,19.99,0.0
ITEM-002183,ORD-000858,PROD-0026,2,39.99,4.0
ITEM-002184,ORD-000858,PROD-0010,1,44.99,2.25
ITEM-002185,ORD-000859,PROD-0024,1,99.99,5.0
ITEM-002186,ORD-000859,PROD-0017,1,64.99,6.5
ITEM-002187,ORD-000860,PROD-0017,2,64.99,0.0
ITEM-002188,ORD-000860,PROD-0029,2,27.99,5.6
ITEM-002189,ORD-000860,PROD-0028,3,34.99,0.0
ITEM-002190,ORD-000861,PROD-0020,2,39.99,0.0
ITEM-002191,ORD-000862,PROD-0022,2,149.99,15.0
ITEM-002192,ORD-000862,PROD-0024,1,99.99,5.0
ITEM-002193,ORD-000862,PROD-0033,3,79.99,12.0
ITEM-002194,ORD-000862,PROD-0028,3,34.99,0.0
ITEM-002195,ORD-000863,PROD-0043,2,24.99,0.0
ITEM-002196,ORD-000864,PROD-0037,1,18.99,0.0
ITEM-002197,ORD-000864,PROD-0016,3,79.99,0.0
ITEM-002198,ORD-000865,PROD-0004,3,39.99,0.0
ITEM-002199,ORD-000866,PROD-0001,2,199.99,0.0
ITEM-002200,ORD-000867,PROD-0041,2,29.99,0.0
ITEM-002201,ORD-000867,PROD-0034,2,28.99,0.0
ITEM-002202,ORD-000867,PROD-0013,3,129.99,0.0
ITEM-002203,ORD-000868,PROD-0010,1,44.99,0.0
ITEM-002204,ORD-000868,PROD-0035,1,59.99,0.0
ITEM-002205,ORD-000868,PROD-0037,2,18.99,0.0
ITEM-002206,ORD-000869,PROD-0014,2,34.99,0.0
ITEM-002207,ORD-000869,PROD-0028,3,34.99,0.0
ITEM-002208,ORD-000869,PROD-0017,3,64.99,9.75
ITEM-002209,ORD-000870,PROD-0023,2,249.99,0.0
ITEM-002210,ORD-000870,PROD-0047,3,17.99,5.4
ITEM-002211,ORD-000870,PROD-0004,2,39.99,4.0
ITEM-002212,ORD-000870,PROD-0040,3,21.99,0.0
ITEM-002213,ORD-000871,PROD-0020,3,39.99,0.0
ITEM-002214,ORD-000871,PROD-0049,1,16.99,0.0
ITEM-002215,ORD-000871,PROD-0032,2,19.99,4.0
ITEM-002216,ORD-000871,PROD-0021,2,299.99,60.0
ITEM-002217,ORD-000872,PROD-0027,2,49.99,0.0
ITEM-002218,ORD-000872,PROD-0002,2,349.99,35.0
ITEM-002219,ORD-000872,PROD-0009,1,34.99,3.5
ITEM-002220,ORD-000872,PROD-0021,3,299.99,0.0
ITEM-002221,ORD-000873,PROD-0031,1,34.99,0.0
ITEM-002222,ORD-000873,PROD-0010,1,44.99,2.25
ITEM-002223,ORD-000873,PROD-0018,3,14.99,2.25
ITEM-002224,ORD-000873,PROD-0022,2,149.99,30.0
ITEM-002225,ORD-000874,PROD-0005,2,279.99,56.0
ITEM-002226,ORD-000875,PROD-0027,1,49.99,2.5
ITEM-002227,ORD-000875,PROD-0032,3,19.99,0.0
ITEM-002228,ORD-000876,PROD-0040,3,21.99,3.3
ITEM-002229,ORD-000876,PROD-0008,2,29.99,3.0
ITEM-002230,ORD-000876,PROD-0039,3,32.99,0.0
ITEM-002231,ORD-000876,PROD-0009,2,34.99,7.0
ITEM-002232,ORD-000877,PROD-0014,3,34.99,0.0
ITEM-002233,ORD-000877,PROD-0021,2,299.99,60.0
ITEM-002234,ORD-000878,PROD-0009,3,34.99,0.0
ITEM-002235,ORD-000878,PROD-0021,3,299.99,0.0
ITEM-002236,ORD-000879,PROD-0033,1,79.99,4.0
ITEM-002237,ORD-000879,PROD-0007,2,49.99,10.0
ITEM-002238,ORD-000879,PROD-0025,3,119.99,18.0
ITEM-002239,ORD-000880,PROD-0015,1,29.99,1.5
ITEM-002240,ORD-000880,PROD-0041,3,29.99,9.0
ITEM-002241,ORD-000881,PROD-0042,3,189.99,0.0
ITEM-002242,ORD-000881,PROD-0013,2,129.99,0.0
ITEM-002243,ORD-000882,PROD-0020,2,39.99,0.0
ITEM-002244,ORD-000883,PROD-0006,1,59.99,6.0
ITEM-002245,ORD-000883,PROD-0024,3,99.99,30.0
ITEM-002246,ORD-000883,PROD-0030,3,139.99,0.0
ITEM-002247,ORD-000883,PROD-0050,3,449.99,135.0
ITEM-002248,ORD-000884,PROD-0013,2,129.99,13.0
ITEM-002249,ORD-000884,PROD-0046,1,149.99,7.5
ITEM-002250,ORD-000884,PROD-0039,1,32.99,0.0
ITEM-002251,ORD-000885,PROD-0036,3,22.99,3.45
ITEM-002252,ORD-000885,PROD-0002,2,349.99,0.0
ITEM-002253,ORD-000885,PROD-0041,2,29.99,0.0
ITEM-002254,ORD-000885,PROD-0028,1,34.99,0.0
ITEM-002255,ORD-000886,PROD-0046,1,149.99,7.5
ITEM-002256,ORD-000886,PROD-0016,2,79.99,8.0
ITEM-002257,ORD-000887,PROD-0035,3,59.99,18.0
ITEM-002258,ORD-000887,PROD-0004,3,39.99,0.0
ITEM-002259,ORD-000887,PROD-0034,2,28.99,0.0
ITEM-002260,ORD-000887,PROD-0027,2,49.99,0.0
ITEM-002261,ORD-000888,PROD-0031,1,34.99,0.0
ITEM-002262,ORD-000888,PROD-0003,1,89.99,0.0
ITEM-002263,ORD-000889,PROD-0049,1,16.99,0.85
ITEM-002264,ORD-000889,PROD-0041,3,29.99,9.0
ITEM-002265,ORD-000889,PROD-0043,1,24.99,0.0
ITEM-002266,ORD-000889,PROD-0026,1,39.99,0.0
ITEM-002267,ORD-000890,PROD-0033,1,79.99,0.0
ITEM-002268,ORD-000890,PROD-0011,3,24.99,0.0
ITEM-002269,ORD-000890,PROD-0026,3,39.99,6.0
ITEM-002270,ORD-000891,PROD-0049,2,16.99,1.7
ITEM-002271,ORD-000891,PROD-0039,2,32.99,6.6
ITEM-002272,ORD-000892,PROD-0014,2,34.99,0.0
ITEM-002273,ORD-000892,PROD-0012,3,59.99,0.0
ITEM-002274,ORD-000892,PROD-0008,1,29.99,1.5
ITEM-002275,ORD-000892,PROD-0003,3,89.99,0.0
ITEM-002276,ORD-000893,PROD-0037,1,18.99,0.0
ITEM-002277,ORD-000893,PROD-0017,1,64.99,0.0
ITEM-002278,ORD-000894,PROD-0030,1,139.99,14.0
ITEM-002279,ORD-000894,PROD-0026,2,39.99,4.0
ITEM-002280,ORD-000894,PROD-0039,3,32.99,0.0
ITEM-002281,ORD-000895,PROD-0040,1,21.99,0.0
ITEM-002282,ORD-000896,PROD-0025,1,119.99,0.0
ITEM-002283,ORD-000896,PROD-0047,3,17.99,0.0
ITEM-002284,ORD-000896,PROD-0037,3,18.99,2.85
ITEM-002285,ORD-000896,PROD-0011,2,24.99,0.0
ITEM-002286,ORD-000897,PROD-0008,3,29.99,0.0
ITEM-002287,ORD-000897,PROD-0041,2,29.99,0.0
ITEM-002288,ORD-000898,PROD-0030,3,139.99,21.0
ITEM-002289,ORD-000898,PROD-0038,2,89.99,0.0
ITEM-002290,ORD-000899,PROD-0026,3,39.99,12.0
ITEM-002291,ORD-000900,PROD-0043,1,24.99,1.25
ITEM-002292,ORD-000901,PROD-0013,2,129.99,0.0
ITEM-002293,ORD-000901,PROD-0016,1,79.99,8.0
ITEM-002294,ORD-000901,PROD-0045,3,69.99,21.0
ITEM-002295,ORD-000902,PROD-0030,1,139.99,7.0
ITEM-002296,ORD-000902,PROD-0031,3,34.99,5.25
ITEM-002297,ORD-000902,PROD-0035,3,59.99,0.0
ITEM-002298,ORD-000903,PROD-0024,2,99.99,0.0
ITEM-002299,ORD-000903,PROD-0030,3,139.99,42.0
ITEM-002300,ORD-000903,PROD-0023,3,249.99,75.0
ITEM-002301,ORD-000903,PROD-0050,2,449.99,90.0
ITEM-002302,ORD-000904,PROD-0042,3,189.99,0.0
ITEM-002303,ORD-000904,PROD-0030,2,139.99,0.0
ITEM-002304,ORD-000904,PROD-0029,3,27.99,0.0
ITEM-002305,ORD-000905,PROD-0006,3,59.99,0.0
ITEM-002306,ORD-000905,PROD-0027,3,49.99,0.0
ITEM-002307,ORD-000905,PROD-0008,3,29.99,0.0
ITEM-002308,ORD-000905,PROD-0033,2,79.99,0.0
ITEM-002309,ORD-000906,PROD-0021,3,299.99,45.0
ITEM-002310,ORD-000907,PROD-0045,3,69.99,21.0
ITEM-002311,ORD-000907,PROD-0049,3,16.99,0.0
ITEM-002312,ORD-000907,PROD-0007,3,49.99,0.0
ITEM-002313,ORD-000907,PROD-0015,1,29.99,1.5
ITEM-002314,ORD-000908,PROD-0013,1,129.99,0.0
ITEM-002315,ORD-000909,PROD-0005,2,279.99,56.0
ITEM-002316,ORD-000910,PROD-0022,1,149.99,7.5
ITEM-002317,ORD-000910,PROD-0025,3,119.99,36.0
ITEM-002318,ORD-000910,PROD-0024,3,99.99,0.0
ITEM-002319,ORD-000911,PROD-0045,3,69.99,0.0
ITEM-002320,ORD-000911,PROD-0031,3,34.99,5.25
ITEM-002321,ORD-000911,PROD-0025,3,119.99,36.0
ITEM-002322,ORD-000912,PROD-0031,2,34.99,0.0
ITEM-002323,ORD-000913,PROD-0025,3,119.99,36.0
ITEM-002324,ORD-000913,PROD-0048,1,22.99,2.3
ITEM-002325,ORD-000913,PROD-0022,3,149.99,0.0
ITEM-002326,ORD-000913,PROD-0016,3,79.99,0.0
ITEM-002327,ORD-000914,PROD-0045,3,69.99,0.0
ITEM-002328,ORD-000914,PROD-0037,1,18.99,1.9
ITEM-002329,ORD-000914,PROD-0025,2,119.99,12.0
ITEM-002330,ORD-000915,PROD-0044,1,19.99,0.0
ITEM-002331,ORD-000916,PROD-0050,1,449.99,22.5
ITEM-002332,ORD-000916,PROD-0025,1,119.99,0.0
ITEM-002333,ORD-000917,PROD-0015,1,29.99,0.0
ITEM-002334,ORD-000917,PROD-0046,1,149.99,0.0
ITEM-002335,ORD-000917,PROD-0029,1,27.99,0.0
ITEM-002336,ORD-000917,PROD-0045,2,69.99,14.0
ITEM-002337,ORD-000918,PROD-0041,2,29.99,6.0
ITEM-002338,ORD-000918,PROD-0035,1,59.99,0.0
ITEM-002339,ORD-000918,PROD-0007,3,49.99,7.5
ITEM-002340,ORD-000919,PROD-0011,1,24.99,0.0
ITEM-002341,ORD-000920,PROD-0043,1,24.99,2.5
ITEM-002342,ORD-000921,PROD-0048,2,22.99,0.0
ITEM-002343,ORD-000921,PROD-0045,3,69.99,0.0
ITEM-002344,ORD-000922,PROD-0031,1,34.99,3.5
ITEM-002345,ORD-000922,PROD-0014,1,34.99,0.0
ITEM-002346,ORD-000923,PROD-0049,2,16.99,0.0
ITEM-002347,ORD-000923,PROD-0005,3,279.99,0.0
ITEM-002348,ORD-000924,PROD-0015,1,29.99,3.0
ITEM-002349,ORD-000924,PROD-0017,1,64.99,3.25
ITEM-002350,ORD-000924,PROD-0027,2,49.99,0.0
ITEM-002351,ORD-000925,PROD-0039,2,32.99,6.6
ITEM-002352,ORD-000925,PROD-0015,3,29.99,0.0
ITEM-002353,ORD-000925,PROD-0048,3,22.99,3.45
ITEM-002354,ORD-000925,PROD-0009,1,34.99,3.5
ITEM-002355,ORD-000926,PROD-0050,1,449.99,22.5
ITEM-002356,ORD-000926,PROD-0042,2,189.99,38.0
ITEM-002357,ORD-000927,PROD-0020,2,39.99,8.0
ITEM-002358,ORD-000927,PROD-0031,3,34.99,0.0
ITEM-002359,ORD-000927,PROD-0033,1,79.99,8.0
ITEM-002360,ORD-000928,PROD-0019,1,49.99,2.5
ITEM-002361,ORD-000928,PROD-0039,2,32.99,0.0
ITEM-002362,ORD-000928,PROD-0033,2,79.99,8.0
ITEM-002363,ORD-000929,PROD-0043,1,24.99,1.25
ITEM-002364,ORD-000929,PROD-0013,1,129.99,6.5
ITEM-002365,ORD-000929,PROD-0050,3,449.99,67.5
ITEM-002366,ORD-000929,PROD-0040,1,21.99,2.2
ITEM-002367,ORD-000930,PROD-0014,3,34.99,5.25
ITEM-002368,ORD-000930,PROD-0039,1,32.99,3.3
ITEM-002369,ORD-000931,PROD-0037,2,18.99,0.0
ITEM-002370,ORD-000931,PROD-0030,2,139.99,0.0
ITEM-002371,ORD-000931,PROD-0035,2,59.99,0.0
ITEM-002372,ORD-000932,PROD-0032,3,19.99,3.0
ITEM-002373,ORD-000932,PROD-0030,2,139.99,0.0
ITEM-002374,ORD-000932,PROD-0036,2,22.99,4.6
ITEM-002375,ORD-000933,PROD-0012,2,59.99,0.0
ITEM-002376,ORD-000933,PROD-0008,1,29.99,1.5
ITEM-002377,ORD-000934,PROD-0001,1,199.99,10.0
ITEM-002378,ORD-000935,PROD-0015,3,29.99,4.5
ITEM-002379,ORD-000935,PROD-0040,2,21.99,0.0
ITEM-002380,ORD-000936,PROD-0014,1,34.99,0.0
ITEM-002381,ORD-000936,PROD-0035,3,59.99,9.0
ITEM-002382,ORD-000936,PROD-0040,1,21.99,0.0
ITEM-002383,ORD-000936,PROD-0002,2,349.99,0.0
ITEM-002384,ORD-000937,PROD-0007,3,49.99,7.5
ITEM-002385,ORD-000937,PROD-0001,3,199.99,60.0
ITEM-002386,ORD-000937,PROD-0016,1,79.99,0.0
ITEM-002387,ORD-000938,PROD-0040,3,21.99,3.3
ITEM-002388,ORD-000938,PROD-0049,1,16.99,1.7
ITEM-002389,ORD-000938,PROD-0025,2,119.99,12.0
ITEM-002390,ORD-000938,PROD-0002,2,349.99,0.0
ITEM-002391,ORD-000939,PROD-0024,3,99.99,0.0
ITEM-002392,ORD-000939,PROD-0010,3,44.99,13.5
ITEM-002393,ORD-000940,PROD-0026,3,39.99,6.0
ITEM-002394,ORD-000940,PROD-0018,2,14.99,3.0
ITEM-002395,ORD-000940,PROD-0016,3,79.99,0.0
ITEM-002396,ORD-000941,PROD-0024,2,99.99,20.0
ITEM-002397,ORD-000941,PROD-0025,2,119.99,0.0
ITEM-002398,ORD-000941,PROD-0002,2,349.99,0.0
ITEM-002399,ORD-000942,PROD-0003,2,89.99,0.0
ITEM-002400,ORD-000942,PROD-0025,1,119.99,0.0
ITEM-002401,ORD-000943,PROD-0029,1,27.99,2.8
ITEM-002402,ORD-000943,PROD-0010,2,44.99,0.0
ITEM-002403,ORD-000943,PROD-0019,1,49.99,5.0
ITEM-002404,ORD-000944,PROD-0040,1,21.99,0.0
ITEM-002405,ORD-000945,PROD-0013,3,129.99,0.0
ITEM-002406,ORD-000946,PROD-0047,3,17.99,0.0
ITEM-002407,ORD-000946,PROD-0012,1,59.99,0.0
ITEM-002408,ORD-000946,PROD-0010,2,44.99,0.0
ITEM-002409,ORD-000947,PROD-0009,1,34.99,0.0
ITEM-002410,ORD-000947,PROD-0011,3,24.99,3.75
ITEM-002411,ORD-000947,PROD-0004,2,39.99,8.0
ITEM-002412,ORD-000947,PROD-0031,1,34.99,0.0
ITEM-002413,ORD-000948,PROD-0019,2,49.99,10.0
ITEM-002414,ORD-000949,PROD-0039,3,32.99,9.9
ITEM-002415,ORD-000949,PROD-0037,3,18.99,5.7
ITEM-002416,ORD-000949,PROD-0046,2,149.99,0.0
ITEM-002417,ORD-000950,PROD-0008,2,29.99,6.0
ITEM-002418,ORD-000950,PROD-0039,2,32.99,3.3
ITEM-002419,ORD-000950,PROD-0027,1,49.99,2.5
ITEM-002420,ORD-000951,PROD-0050,2,449.99,0.0
ITEM-002421,ORD-000951,PROD-0041,2,29.99,6.0
ITEM-002422,ORD-000951,PROD-0049,1,16.99,0.0
ITEM-002423,ORD-000951,PROD-0010,2,44.99,9.0
ITEM-002424,ORD-000952,PROD-0027,1,49.99,0.0
ITEM-002425,ORD-000952,PROD-0004,1,39.99,2.0
ITEM-002426,ORD-000953,PROD-0005,3,279.99,84.0
ITEM-002427,ORD-000953,PROD-0039,1,32.99,3.3
ITEM-002428,ORD-000953,PROD-0019,1,49.99,2.5
ITEM-002429,ORD-000953,PROD-0023,2,249.99,0.0
ITEM-002430,ORD-000954,PROD-0004,1,39.99,2.0
ITEM-002431,ORD-000954,PROD-0002,3,349.99,105.0
ITEM-002432,ORD-000954,PROD-0033,2,79.99,8.0
ITEM-002433,ORD-000955,PROD-0028,3,34.99,0.0
ITEM-002434,ORD-000955,PROD-0049,1,16.99,1.7
ITEM-002435,ORD-000955,PROD-0033,2,79.99,16.0
ITEM-002436,ORD-000955,PROD-0003,3,89.99,13.5
ITEM-002437,ORD-000956,PROD-0018,1,14.99,0.75
ITEM-002438,ORD-000956,PROD-0026,2,39.99,0.0
ITEM-002439,ORD-000956,PROD-0015,1,29.99,3.0
ITEM-002440,ORD-000956,PROD-0003,2,89.99,0.0
ITEM-002441,ORD-000957,PROD-0015,2,29.99,0.0
ITEM-002442,ORD-000958,PROD-0022,2,149.99,15.0
ITEM-002443,ORD-000958,PROD-0040,3,21.99,3.3
ITEM-002444,ORD-000958,PROD-0047,3,17.99,2.7
ITEM-002445,ORD-000958,PROD-0024,3,99.99,0.0
ITEM-002446,ORD-000959,PROD-0015,2,29.99,6.0
ITEM-002447,ORD-000959,PROD-0002,2,349.99,35.0
ITEM-002448,ORD-000960,PROD-0017,3,64.99,0.0
ITEM-002449,ORD-000960,PROD-0007,1,49.99,0.0
ITEM-002450,ORD-000960,PROD-0010,1,44.99,0.0
ITEM-002451,ORD-000961,PROD-0020,1,39.99,4.0
ITEM-002452,ORD-000961,PROD-0006,3,59.99,0.0
ITEM-002453,ORD-000961,PROD-0016,1,79.99,8.0
ITEM-002454,ORD-000962,PROD-0024,1,99.99,10.0
ITEM-002455,ORD-000962,PROD-0008,2,29.99,6.0
ITEM-002456,ORD-000962,PROD-0020,2,39.99,8.0
ITEM-002457,ORD-000963,PROD-0039,3,32.99,9.9
ITEM-002458,ORD-000963,PROD-0021,1,299.99,0.0
ITEM-002459,ORD-000964,PROD-0045,3,69.99,0.0
ITEM-002460,ORD-000965,PROD-0024,2,99.99,0.0
ITEM-002461,ORD-000965,PROD-0044,1,19.99,0.0
ITEM-002462,ORD-000965,PROD-0045,1,69.99,0.0
ITEM-002463,ORD-000966,PROD-0007,3,49.99,0.0
ITEM-002464,ORD-000966,PROD-0018,3,14.99,2.25
ITEM-002465,ORD-000966,PROD-0038,1,89.99,0.0
ITEM-002466,ORD-000966,PROD-0019,2,49.99,5.0
ITEM-002467,ORD-000967,PROD-0039,1,32.99,3.3
ITEM-002468,ORD-000967,PROD-0015,3,29.99,0.0
ITEM-002469,ORD-000967,PROD-0045,2,69.99,7.0
ITEM-002470,ORD-000967,PROD-0019,2,49.99,5.0
ITEM-002471,ORD-000968,PROD-0043,1,24.99,2.5
ITEM-002472,ORD-000968,PROD-0021,1,299.99,0.0
ITEM-002473,ORD-000968,PROD-0014,1,34.99,0.0
ITEM-002474,ORD-000969,PROD-0029,1,27.99,0.0
ITEM-002475,ORD-000970,PROD-0046,2,149.99,30.0
ITEM-002476,ORD-000970,PROD-0031,1,34.99,1.75
ITEM-002477,ORD-000971,PROD-0026,2,39.99,0.0
ITEM-002478,ORD-000971,PROD-0013,2,129.99,0.0
ITEM-002479,ORD-000972,PROD-0021,3,299.99,90.0
ITEM-002480,ORD-000972,PROD-0048,3,22.99,0.0
ITEM-002481,ORD-000973,PROD-0003,1,89.99,9.0
ITEM-002482,ORD-000973,PROD-0009,1,34.99,0.0
ITEM-002483,ORD-000974,PROD-0022,2,149.99,0.0
ITEM-002484,ORD-000974,PROD-0001,1,199.99,0.0
ITEM-002485,ORD-000974,PROD-0007,2,49.99,5.0
ITEM-002486,ORD-000975,PROD-0028,3,34.99,0.0
ITEM-002487,ORD-000975,PROD-0050,2,449.99,45.0
ITEM-002488,ORD-000976,PROD-0027,3,49.99,0.0
ITEM-002489,ORD-000977,PROD-0021,1,299.99,30.0
ITEM-002490,ORD-000977,PROD-0038,2,89.99,9.0
ITEM-002491,ORD-000978,PROD-0017,1,64.99,0.0
ITEM-002492,ORD-000978,PROD-0001,2,199.99,0.0
ITEM-002493,ORD-000978,PROD-0034,2,28.99,0.0
ITEM-002494,ORD-000978,PROD-0015,2,29.99,6.0
ITEM-002495,ORD-000979,PROD-0050,2,449.99,45.0
ITEM-002496,ORD-000979,PROD-0008,3,29.99,0.0
ITEM-002497,ORD-000979,PROD-0016,2,79.99,0.0
ITEM-002498,ORD-000980,PROD-0043,1,24.99,2.5
ITEM-002499,ORD-000980,PROD-0017,1,64.99,3.25
ITEM-002500,ORD-000980,PROD-0027,2,49.99,5.0
ITEM-002501,ORD-000981,PROD-0001,1,199.99,0.0
ITEM-002502,ORD-000982,PROD-0022,3,149.99,45.0
ITEM-002503,ORD-000982,PROD-0008,2,29.99,3.0
ITEM-002504,ORD-000982,PROD-0033,2,79.99,0.0
ITEM-002505,ORD-000982,PROD-0050,2,449.99,0.0
ITEM-002506,ORD-000983,PROD-0005,1,279.99,0.0
ITEM-002507,ORD-000984,PROD-0031,3,34.99,5.25
ITEM-002508,ORD-000984,PROD-0049,1,16.99,0.85
ITEM-002509,ORD-000985,PROD-0014,3,34.99,10.5
ITEM-002510,ORD-000985,PROD-0011,3,24.99,0.0
ITEM-002511,ORD-000985,PROD-0013,3,129.99,0.0
ITEM-002512,ORD-000985,PROD-0040,2,21.99,4.4
ITEM-002513,ORD-000986,PROD-0013,1,129.99,6.5
ITEM-002514,ORD-000986,PROD-0001,2,199.99,0.0
ITEM-002515,ORD-000986,PROD-0037,2,18.99,0.0
ITEM-002516,ORD-000986,PROD-0023,1,249.99,0.0
ITEM-002517,ORD-000987,PROD-0008,3,29.99,4.5
ITEM-002518,ORD-000987,PROD-0040,1,21.99,1.1
ITEM-002519,ORD-000987,PROD-0003,3,89.99,27.0
ITEM-002520,ORD-000988,PROD-0043,2,24.99,5.0
ITEM-002521,ORD-000988,PROD-0009,2,34.99,3.5
ITEM-002522,ORD-000988,PROD-0045,1,69.99,3.5
ITEM-002523,ORD-000989,PROD-0046,1,149.99,0.0
ITEM-002524,ORD-000989,PROD-0006,1,59.99,3.0
ITEM-002525,ORD-000990,PROD-0015,1,29.99,1.5
ITEM-002526,ORD-000991,PROD-0036,1,22.99,2.3
ITEM-002527,ORD-000991,PROD-0043,1,24.99,1.25
ITEM-002528,ORD-000991,PROD-0020,2,39.99,0.0
ITEM-002529,ORD-000992,PROD-0007,3,49.99,0.0
ITEM-002530,ORD-000993,PROD-0017,1,64.99,0.0
ITEM-002531,ORD-000994,PROD-0041,1,29.99,3.0
ITEM-002532,ORD-000995,PROD-0001,3,199.99,0.0
ITEM-002533,ORD-000995,PROD-0044,1,19.99,0.0
ITEM-002534,ORD-000995,PROD-0034,3,28.99,8.7
ITEM-002535,ORD-000995,PROD-0018,3,14.99,2.25
ITEM-002536,ORD-000996,PROD-0016,3,79.99,24.0
ITEM-002537,ORD-000996,PROD-0040,3,21.99,6.6
ITEM-002538,ORD-000996,PROD-0008,3,29.99,0.0
ITEM-002539,ORD-000997,PROD-0043,1,24.99,0.0
ITEM-002540,ORD-000998,PROD-0044,2,19.99,0.0
ITEM-002541,ORD-000999,PROD-0042,1,189.99,0.0
ITEM-002542,ORD-001000,PROD-0010,2,44.99,4.5
ITEM-002543,ORD-001000,PROD-0047,2,17.99,1.8
ITEM-002544,ORD-001000,PROD-0042,1,189.99,0.0
ITEM-002545,ORD-001000,PROD-0008,2,29.99,0.0
ITEM-002546,ORD-001001,PROD-0017,1,64.99,6.5
ITEM-002547,ORD-001002,PROD-0014,2,34.99,0.0
ITEM-002548,ORD-001002,PROD-0027,2,49.99,5.0
ITEM-002549,ORD-001002,PROD-0008,1,29.99,3.0
ITEM-002550,ORD-001003,PROD-0023,2,249.99,0.0
ITEM-002551,ORD-001003,PROD-0020,2,39.99,8.0
ITEM-002552,ORD-001003,PROD-0042,2,189.99,0.0
ITEM-002553,ORD-001003,PROD-0015,2,29.99,0.0
ITEM-002554,ORD-001004,PROD-0008,3,29.99,4.5
ITEM-002555,ORD-001004,PROD-0018,3,14.99,2.25
ITEM-002556,ORD-001005,PROD-0048,1,22.99,0.0
ITEM-002557,ORD-001005,PROD-0026,1,39.99,2.0
ITEM-002558,ORD-001005,PROD-0002,2,349.99,0.0
ITEM-002559,ORD-001006,PROD-0010,1,44.99,2.25
ITEM-002560,ORD-001007,PROD-0013,2,129.99,26.0
ITEM-002561,ORD-001007,PROD-0012,2,59.99,0.0
ITEM-002562,ORD-001007,PROD-0007,3,49.99,7.5
ITEM-002563,ORD-001007,PROD-0047,2,17.99,0.0
ITEM-002564,ORD-001008,PROD-0049,2,16.99,0.0
ITEM-002565,ORD-001008,PROD-0016,3,79.99,0.0
ITEM-002566,ORD-001008,PROD-0035,1,59.99,0.0
ITEM-002567,ORD-001008,PROD-0022,1,149.99,0.0
ITEM-002568,ORD-001009,PROD-0015,1,29.99,0.0
ITEM-002569,ORD-001009,PROD-0048,1,22.99,1.15
ITEM-002570,ORD-001010,PROD-0006,1,59.99,0.0
ITEM-002571,ORD-001010,PROD-0022,2,149.99,0.0
ITEM-002572,ORD-001011,PROD-0014,1,34.99,0.0
ITEM-002573,ORD-001011,PROD-0027,3,49.99,7.5
ITEM-002574,ORD-001011,PROD-0022,1,149.99,15.0
ITEM-002575,ORD-001011,PROD-0007,3,49.99,7.5
ITEM-002576,ORD-001012,PROD-0002,1,349.99,0.0
ITEM-002577,ORD-001012,PROD-0048,3,22.99,3.45
ITEM-002578,ORD-001013,PROD-0047,1,17.99,0.0
ITEM-002579,ORD-001014,PROD-0015,1,29.99,0.0
ITEM-002580,ORD-001014,PROD-0040,2,21.99,4.4
ITEM-002581,ORD-001014,PROD-0009,1,34.99,0.0
ITEM-002582,ORD-001014,PROD-0003,1,89.99,0.0
ITEM-002583,ORD-001015,PROD-0049,1,16.99,0.0
ITEM-002584,ORD-001016,PROD-0029,3,27.99,0.0
ITEM-002585,ORD-001016,PROD-0011,2,24.99,0.0
ITEM-002586,ORD-001016,PROD-0039,2,32.99,3.3
ITEM-002587,ORD-001017,PROD-0019,2,49.99,0.0
ITEM-002588,ORD-001017,PROD-0025,1,119.99,0.0
ITEM-002589,ORD-001017,PROD-0050,1,449.99,0.0
ITEM-002590,ORD-001017,PROD-0035,2,59.99,0.0
ITEM-002591,ORD-001018,PROD-0016,3,79.99,0.0
ITEM-002592,ORD-001019,PROD-0012,2,59.99,12.0
ITEM-002593,ORD-001019,PROD-0003,1,89.99,0.0
ITEM-002594,ORD-001020,PROD-0005,3,279.99,0.0
ITEM-002595,ORD-001020,PROD-0028,3,34.99,5.25
ITEM-002596,ORD-001020,PROD-0047,2,17.99,0.0
ITEM-002597,ORD-001020,PROD-0041,3,29.99,4.5
ITEM-002598,ORD-001021,PROD-0050,3,449.99,0.0
ITEM-002599,ORD-001022,PROD-0006,3,59.99,0.0
ITEM-002600,ORD-001023,PROD-0004,3,39.99,0.0
ITEM-002601,ORD-001023,PROD-0041,3,29.99,0.0
ITEM-002602,ORD-001023,PROD-0048,2,22.99,2.3
ITEM-002603,ORD-001024,PROD-0049,1,16.99,0.0
ITEM-002604,ORD-001024,PROD-0019,3,49.99,0.0
ITEM-002605,ORD-001024,PROD-0017,3,64.99,19.5
ITEM-002606,ORD-001025,PROD-0049,3,16.99,0.0
ITEM-002607,ORD-001025,PROD-0019,2,49.99,0.0
ITEM-002608,ORD-001026,PROD-0043,2,24.99,0.0
ITEM-002609,ORD-001027,PROD-0026,3,39.99,0.0
ITEM-002610,ORD-001027,PROD-0025,1,119.99,6.0
ITEM-002611,ORD-001028,PROD-0011,3,24.99,0.0
ITEM-002612,ORD-001028,PROD-0037,1,18.99,1.9
ITEM-002613,ORD-001028,PROD-0025,2,119.99,24.0
ITEM-002614,ORD-001029,PROD-0004,2,39.99,0.0
ITEM-002615,ORD-001029,PROD-0008,3,29.99,0.0
ITEM-002616,ORD-001029,PROD-0026,3,39.99,6.0
ITEM-002617,ORD-001030,PROD-0025,1,119.99,0.0
ITEM-002618,ORD-001030,PROD-0046,2,149.99,15.0
ITEM-002619,ORD-001031,PROD-0040,1,21.99,1.1
ITEM-002620,ORD-001031,PROD-0044,1,19.99,0.0
ITEM-002621,ORD-001031,PROD-0019,2,49.99,0.0
ITEM-002622,ORD-001031,PROD-0047,3,17.99,5.4
ITEM-002623,ORD-001032,PROD-0025,2,119.99,24.0
ITEM-002624,ORD-001033,PROD-0003,1,89.99,4.5
ITEM-002625,ORD-001033,PROD-0012,2,59.99,0.0
ITEM-002626,ORD-001033,PROD-0026,2,39.99,0.0
ITEM-002627,ORD-001034,PROD-0020,3,39.99,0.0
ITEM-002628,ORD-001034,PROD-0027,3,49.99,0.0
ITEM-002629,ORD-001034,PROD-0018,3,14.99,0.0
ITEM-002630,ORD-001034,PROD-0019,2,49.99,5.0
ITEM-002631,ORD-001035,PROD-0003,3,89.99,0.0
ITEM-002632,ORD-001035,PROD-0019,2,49.99,0.0
ITEM-002633,ORD-001035,PROD-0044,1,19.99,0.0
ITEM-002634,ORD-001036,PROD-0046,3,149.99,0.0
ITEM-002635,ORD-001036,PROD-0008,1,29.99,0.0
ITEM-002636,ORD-001036,PROD-0026,3,39.99,12.0
ITEM-002637,ORD-001037,PROD-0041,3,29.99,0.0
ITEM-002638,ORD-001038,PROD-0027,1,49.99,0.0
ITEM-002639,ORD-001039,PROD-0030,3,139.99,42.0
ITEM-002640,ORD-001040,PROD-0002,3,349.99,0.0
ITEM-002641,ORD-001041,PROD-0016,3,79.99,24.0
ITEM-002642,ORD-001042,PROD-0017,1,64.99,6.5
ITEM-002643,ORD-001042,PROD-0047,1,17.99,0.0
ITEM-002644,ORD-001042,PROD-0019,2,49.99,5.0
ITEM-002645,ORD-001042,PROD-0039,3,32.99,4.95
ITEM-002646,ORD-001043,PROD-0008,3,29.99,4.5
ITEM-002647,ORD-001044,PROD-0022,2,149.99,0.0
ITEM-002648,ORD-001044,PROD-0002,3,349.99,0.0
ITEM-002649,ORD-001044,PROD-0038,3,89.99,0.0
ITEM-002650,ORD-001044,PROD-0009,2,34.99,3.5
ITEM-002651,ORD-001045,PROD-0009,2,34.99,0.0
ITEM-002652,ORD-001045,PROD-0034,2,28.99,0.0
ITEM-002653,ORD-001045,PROD-0035,2,59.99,0.0
ITEM-002654,ORD-001046,PROD-0034,3,28.99,0.0
ITEM-002655,ORD-001047,PROD-0003,1,89.99,0.0
ITEM-002656,ORD-001048,PROD-0049,1,16.99,1.7
ITEM-002657,ORD-001049,PROD-0007,1,49.99,2.5
ITEM-002658,ORD-001049,PROD-0012,2,59.99,6.0
ITEM-002659,ORD-001050,PROD-0037,2,18.99,3.8
ITEM-002660,ORD-001050,PROD-0007,3,49.99,0.0
ITEM-002661,ORD-001050,PROD-0032,3,19.99,3.0
ITEM-002662,ORD-001050,PROD-0041,1,29.99,0.0
ITEM-002663,ORD-001051,PROD-0022,1,149.99,15.0
ITEM-002664,ORD-001051,PROD-0020,3,39.99,0.0
ITEM-002665,ORD-001052,PROD-0004,1,39.99,2.0
ITEM-002666,ORD-001053,PROD-0037,1,18.99,0.95
ITEM-002667,ORD-001053,PROD-0038,2,89.99,0.0
ITEM-002668,ORD-001053,PROD-0046,1,149.99,15.0
ITEM-002669,ORD-001054,PROD-0050,3,449.99,67.5
ITEM-002670,ORD-001054,PROD-0040,3,21.99,6.6
ITEM-002671,ORD-001054,PROD-0037,1,18.99,0.95
ITEM-002672,ORD-001054,PROD-0025,1,119.99,6.0
ITEM-002673,ORD-001055,PROD-0022,1,149.99,7.5
ITEM-002674,ORD-001055,PROD-0037,3,18.99,0.0
ITEM-002675,ORD-001056,PROD-0050,2,449.99,0.0
ITEM-002676,ORD-001056,PROD-0028,3,34.99,0.0
ITEM-002677,ORD-001057,PROD-0049,2,16.99,0.0
ITEM-002678,ORD-001057,PROD-0027,2,49.99,0.0
ITEM-002679,ORD-001057,PROD-0002,1,349.99,17.5
ITEM-002680,ORD-001057,PROD-0042,3,189.99,28.5
ITEM-002681,ORD-001058,PROD-0019,1,49.99,2.5
ITEM-002682,ORD-001059,PROD-0022,2,149.99,15.0
ITEM-002683,ORD-001059,PROD-0002,1,349.99,35.0
ITEM-002684,ORD-001059,PROD-0036,1,22.99,2.3
ITEM-002685,ORD-001059,PROD-0010,2,44.99,9.0
ITEM-002686,ORD-001060,PROD-0007,1,49.99,2.5
ITEM-002687,ORD-001060,PROD-0044,3,19.99,3.0
ITEM-002688,ORD-001060,PROD-0010,1,44.99,2.25
ITEM-002689,ORD-001060,PROD-0050,1,449.99,22.5
ITEM-002690,ORD-001061,PROD-0033,1,79.99,0.0
ITEM-002691,ORD-001061,PROD-0018,1,14.99,1.5
ITEM-002692,ORD-001061,PROD-0041,1,29.99,0.0
ITEM-002693,ORD-001062,PROD-0004,1,39.99,4.0
ITEM-002694,ORD-001063,PROD-0002,2,349.99,0.0
ITEM-002695,ORD-001063,PROD-0004,3,39.99,6.0
ITEM-002696,ORD-001063,PROD-0005,1,279.99,14.0
ITEM-002697,ORD-001064,PROD-0027,3,49.99,0.0
ITEM-002698,ORD-001064,PROD-0050,2,449.99,90.0
ITEM-002699,ORD-001064,PROD-0012,1,59.99,3.0
ITEM-002700,ORD-001064,PROD-0041,2,29.99,3.0
ITEM-002701,ORD-001065,PROD-0009,2,34.99,0.0
ITEM-002702,ORD-001065,PROD-0047,2,17.99,0.0
ITEM-002703,ORD-001065,PROD-0026,1,39.99,4.0
ITEM-002704,ORD-001065,PROD-0049,2,16.99,3.4
ITEM-002705,ORD-001066,PROD-0034,1,28.99,0.0
ITEM-002706,ORD-001066,PROD-0044,2,19.99,0.0
ITEM-002707,ORD-001066,PROD-0035,1,59.99,3.0
ITEM-002708,ORD-001066,PROD-0017,1,64.99,0.0
ITEM-002709,ORD-001067,PROD-0001,1,199.99,0.0
ITEM-002710,ORD-001067,PROD-0014,1,34.99,3.5
ITEM-002711,ORD-001067,PROD-0011,2,24.99,0.0
ITEM-002712,ORD-001067,PROD-0044,3,19.99,3.0
ITEM-002713,ORD-001068,PROD-0029,3,27.99,4.2
ITEM-002714,ORD-001068,PROD-0005,3,279.99,0.0
ITEM-002715,ORD-001069,PROD-0019,2,49.99,5.0
ITEM-002716,ORD-001069,PROD-0033,2,79.99,0.0
ITEM-002717,ORD-001069,PROD-0003,1,89.99,9.0
ITEM-002718,ORD-001069,PROD-0007,1,49.99,2.5
ITEM-002719,ORD-001070,PROD-0010,2,44.99,9.0
ITEM-002720,ORD-001071,PROD-0011,3,24.99,0.0
ITEM-002721,ORD-001072,PROD-0034,3,28.99,4.35
ITEM-002722,ORD-001072,PROD-0027,2,49.99,10.0
ITEM-002723,ORD-001072,PROD-0011,2,24.99,0.0
ITEM-002724,ORD-001073,PROD-0035,2,59.99,12.0
ITEM-002725,ORD-001073,PROD-0044,1,19.99,1.0
ITEM-002726,ORD-001074,PROD-0032,3,19.99,6.0
ITEM-002727,ORD-001075,PROD-0026,2,39.99,0.0
ITEM-002728,ORD-001076,PROD-0025,3,119.99,0.0
ITEM-002729,ORD-001077,PROD-0044,2,19.99,2.0
ITEM-002730,ORD-001077,PROD-0011,1,24.99,1.25
ITEM-002731,ORD-001077,PROD-0006,1,59.99,0.0
ITEM-002732,ORD-001078,PROD-0030,3,139.99,21.0
ITEM-002733,ORD-001078,PROD-0049,3,16.99,2.55
ITEM-002734,ORD-001078,PROD-0039,1,32.99,0.0
ITEM-002735,ORD-001078,PROD-0003,1,89.99,4.5
ITEM-002736,ORD-001079,PROD-0033,1,79.99,4.0
ITEM-002737,ORD-001079,PROD-0019,2,49.99,0.0
ITEM-002738,ORD-001079,PROD-0042,2,189.99,19.0
ITEM-002739,ORD-001080,PROD-0006,3,59.99,18.0
ITEM-002740,ORD-001080,PROD-0023,2,249.99,50.0
ITEM-002741,ORD-001080,PROD-0012,2,59.99,0.0
ITEM-002742,ORD-001080,PROD-0016,3,79.99,0.0
ITEM-002743,ORD-001081,PROD-0040,1,21.99,2.2
ITEM-002744,ORD-001082,PROD-0035,2,59.99,12.0
ITEM-002745,ORD-001082,PROD-0010,1,44.99,0.0
ITEM-002746,ORD-001082,PROD-0040,3,21.99,0.0
ITEM-002747,ORD-001082,PROD-0037,3,18.99,0.0
ITEM-002748,ORD-001083,PROD-0042,1,189.99,9.5
ITEM-002749,ORD-001083,PROD-0012,3,59.99,9.0
ITEM-002750,ORD-001083,PROD-0044,2,19.99,4.0
ITEM-002751,ORD-001083,PROD-0041,2,29.99,6.0
ITEM-002752,ORD-001084,PROD-0050,2,449.99,45.0
ITEM-002753,ORD-001084,PROD-0048,2,22.99,2.3
ITEM-002754,ORD-001085,PROD-0009,3,34.99,5.25
ITEM-002755,ORD-001085,PROD-0023,1,249.99,0.0
ITEM-002756,ORD-001086,PROD-0013,3,129.99,0.0
ITEM-002757,ORD-001086,PROD-0035,2,59.99,12.0
ITEM-002758,ORD-001087,PROD-0012,2,59.99,12.0
ITEM-002759,ORD-001087,PROD-0035,1,59.99,3.0
ITEM-002760,ORD-001087,PROD-0049,2,16.99,0.0
ITEM-002761,ORD-001088,PROD-0022,3,149.99,22.5
ITEM-002762,ORD-001088,PROD-0034,3,28.99,0.0
ITEM-002763,ORD-001089,PROD-0034,2,28.99,0.0
ITEM-002764,ORD-001089,PROD-0017,3,64.99,9.75
ITEM-002765,ORD-001089,PROD-0025,2,119.99,12.0
ITEM-002766,ORD-001089,PROD-0036,2,22.99,0.0
ITEM-002767,ORD-001090,PROD-0044,3,19.99,0.0
ITEM-002768,ORD-001091,PROD-0013,3,129.99,19.5
ITEM-002769,ORD-001092,PROD-0020,2,39.99,0.0
ITEM-002770,ORD-001092,PROD-0006,2,59.99,0.0
ITEM-002771,ORD-001092,PROD-0021,3,299.99,0.0
ITEM-002772,ORD-001092,PROD-0019,1,49.99,5.0
ITEM-002773,ORD-001093,PROD-0003,2,89.99,0.0
ITEM-002774,ORD-001093,PROD-0002,3,349.99,0.0
ITEM-002775,ORD-001093,PROD-0040,1,21.99,0.0
ITEM-002776,ORD-001094,PROD-0045,3,69.99,21.0
ITEM-002777,ORD-001095,PROD-0001,1,199.99,10.0
ITEM-002778,ORD-001095,PROD-0018,2,14.99,0.0
ITEM-002779,ORD-001095,PROD-0024,1,99.99,5.0
ITEM-002780,ORD-001095,PROD-0009,3,34.99,10.5
ITEM-002781,ORD-001096,PROD-0049,2,16.99,0.0
ITEM-002782,ORD-001096,PROD-0029,1,27.99,2.8
ITEM-002783,ORD-001096,PROD-0035,3,59.99,9.0
ITEM-002784,ORD-001096,PROD-0018,3,14.99,2.25
ITEM-002785,ORD-001097,PROD-0024,2,99.99,0.0
ITEM-002786,ORD-001097,PROD-0021,2,299.99,0.0
ITEM-002787,ORD-001097,PROD-0046,3,149.99,45.0
ITEM-002788,ORD-001097,PROD-0040,1,21.99,0.0
ITEM-002789,ORD-001098,PROD-0024,3,99.99,0.0
ITEM-002790,ORD-001098,PROD-0041,1,29.99,0.0
ITEM-002791,ORD-001098,PROD-0015,1,29.99,0.0
ITEM-002792,ORD-001099,PROD-0001,2,199.99,40.0
ITEM-002793,ORD-001099,PROD-0021,3,299.99,0.0
ITEM-002794,ORD-001100,PROD-0025,2,119.99,0.0
ITEM-002795,ORD-001100,PROD-0038,2,89.99,0.0
ITEM-002796,ORD-001100,PROD-0040,2,21.99,4.4
ITEM-002797,ORD-001100,PROD-0046,3,149.99,45.0
ITEM-002798,ORD-001101,PROD-0033,1,79.99,4.0
ITEM-002799,ORD-001101,PROD-0048,1,22.99,0.0
ITEM-002800,ORD-001101,PROD-0046,1,149.99,0.0
ITEM-002801,ORD-001102,PROD-0042,3,189.99,28.5
ITEM-002802,ORD-001102,PROD-0001,3,199.99,0.0
ITEM-002803,ORD-001103,PROD-0027,2,49.99,0.0
ITEM-002804,ORD-001103,PROD-0017,3,64.99,19.5
ITEM-002805,ORD-001104,PROD-0043,2,24.99,0.0
ITEM-002806,ORD-001105,PROD-0036,2,22.99,0.0
ITEM-002807,ORD-001105,PROD-0041,3,29.99,0.0
ITEM-002808,ORD-001105,PROD-0018,3,14.99,0.0
ITEM-002809,ORD-001106,PROD-0026,1,39.99,0.0
ITEM-002810,ORD-001107,PROD-0013,3,129.99,0.0
ITEM-002811,ORD-001107,PROD-0029,3,27.99,0.0
ITEM-002812,ORD-001108,PROD-0048,1,22.99,0.0
ITEM-002813,ORD-001108,PROD-0027,2,49.99,0.0
ITEM-002814,ORD-001109,PROD-0045,3,69.99,0.0
ITEM-002815,ORD-001109,PROD-0016,2,79.99,8.0
ITEM-002816,ORD-001109,PROD-0037,2,18.99,3.8
ITEM-002817,ORD-001110,PROD-0002,2,349.99,35.0
ITEM-002818,ORD-001110,PROD-0037,3,18.99,5.7
ITEM-002819,ORD-001111,PROD-0001,1,199.99,0.0
ITEM-002820,ORD-001111,PROD-0012,1,59.99,3.0
ITEM-002821,ORD-001111,PROD-0037,1,18.99,1.9
ITEM-002822,ORD-001111,PROD-0029,3,27.99,8.4
ITEM-002823,ORD-001112,PROD-0009,1,34.99,0.0
ITEM-002824,ORD-001112,PROD-0010,2,44.99,9.0
ITEM-002825,ORD-001113,PROD-0049,3,16.99,5.1
ITEM-002826,ORD-001113,PROD-0036,3,22.99,6.9
ITEM-002827,ORD-001113,PROD-0032,1,19.99,1.0
ITEM-002828,ORD-001114,PROD-0004,1,39.99,0.0
ITEM-002829,ORD-001114,PROD-0049,2,16.99,1.7
ITEM-002830,ORD-001114,PROD-0050,1,449.99,45.0
ITEM-002831,ORD-001114,PROD-0003,3,89.99,0.0
ITEM-002832,ORD-001115,PROD-0011,3,24.99,0.0
ITEM-002833,ORD-001115,PROD-0014,3,34.99,5.25
ITEM-002834,ORD-001115,PROD-0047,1,17.99,0.9
ITEM-002835,ORD-001116,PROD-0001,2,199.99,40.0
ITEM-002836,ORD-001116,PROD-0037,1,18.99,0.0
ITEM-002837,ORD-001117,PROD-0026,3,39.99,0.0
ITEM-002838,ORD-001117,PROD-0004,1,39.99,0.0
ITEM-002839,ORD-001118,PROD-0039,3,32.99,0.0
ITEM-002840,ORD-001119,PROD-0008,3,29.99,0.0
ITEM-002841,ORD-001120,PROD-0003,3,89.99,0.0
ITEM-002842,ORD-001120,PROD-0019,2,49.99,0.0
ITEM-002843,ORD-001121,PROD-0010,2,44.99,0.0
ITEM-002844,ORD-001122,PROD-0041,1,29.99,1.5
ITEM-002845,ORD-001122,PROD-0034,1,28.99,1.45
ITEM-002846,ORD-001122,PROD-0009,1,34.99,0.0
ITEM-002847,ORD-001122,PROD-0022,2,149.99,15.0
ITEM-002848,ORD-001123,PROD-0009,3,34.99,10.5
ITEM-002849,ORD-001123,PROD-0050,1,449.99,0.0
ITEM-002850,ORD-001123,PROD-0045,1,69.99,7.0
ITEM-002851,ORD-001124,PROD-0036,2,22.99,4.6
ITEM-002852,ORD-001124,PROD-0021,1,299.99,0.0
ITEM-002853,ORD-001124,PROD-0035,2,59.99,0.0
ITEM-002854,ORD-001125,PROD-0008,2,29.99,0.0
ITEM-002855,ORD-001125,PROD-0024,2,99.99,0.0
ITEM-002856,ORD-001125,PROD-0040,3,21.99,0.0
ITEM-002857,ORD-001125,PROD-0011,3,24.99,0.0
ITEM-002858,ORD-001126,PROD-0019,3,49.99,0.0
ITEM-002859,ORD-001126,PROD-0034,2,28.99,0.0
ITEM-002860,ORD-001127,PROD-0004,1,39.99,2.0
ITEM-002861,ORD-001127,PROD-0008,2,29.99,6.0
ITEM-002862,ORD-001128,PROD-0024,2,99.99,10.0
ITEM-002863,ORD-001129,PROD-0031,2,34.99,7.0
ITEM-002864,ORD-001129,PROD-0007,1,49.99,0.0
ITEM-002865,ORD-001129,PROD-0009,1,34.99,0.0
ITEM-002866,ORD-001130,PROD-0049,1,16.99,1.7
ITEM-002867,ORD-001130,PROD-0006,3,59.99,0.0
ITEM-002868,ORD-001130,PROD-0032,3,19.99,3.0
ITEM-002869,ORD-001131,PROD-0030,1,139.99,0.0
ITEM-002870,ORD-001132,PROD-0046,1,149.99,7.5
ITEM-002871,ORD-001132,PROD-0015,3,29.99,4.5
ITEM-002872,ORD-001132,PROD-0022,1,149.99,15.0
ITEM-002873,ORD-001132,PROD-0006,3,59.99,0.0
ITEM-002874,ORD-001133,PROD-0029,2,27.99,2.8
ITEM-002875,ORD-001133,PROD-0028,2,34.99,0.0
ITEM-002876,ORD-001133,PROD-0046,1,149.99,0.0
ITEM-002877,ORD-001134,PROD-0039,1,32.99,3.3
ITEM-002878,ORD-001134,PROD-0026,2,39.99,8.0
ITEM-002879,ORD-001135,PROD-0038,1,89.99,0.0
ITEM-002880,ORD-001135,PROD-0005,2,279.99,0.0
ITEM-002881,ORD-001135,PROD-0034,2,28.99,5.8
ITEM-002882,ORD-001136,PROD-0004,2,39.99,8.0
ITEM-002883,ORD-001137,PROD-0048,3,22.99,3.45
ITEM-002884,ORD-001138,PROD-0037,1,18.99,0.0
ITEM-002885,ORD-001138,PROD-0001,2,199.99,0.0
ITEM-002886,ORD-001138,PROD-0021,1,299.99,15.0
ITEM-002887,ORD-001139,PROD-0026,3,39.99,0.0
ITEM-002888,ORD-001139,PROD-0039,1,32.99,3.3
ITEM-002889,ORD-001139,PROD-0034,3,28.99,0.0
ITEM-002890,ORD-001139,PROD-0032,2,19.99,2.0
ITEM-002891,ORD-001140,PROD-0004,3,39.99,6.0
ITEM-002892,ORD-001140,PROD-0032,1,19.99,1.0
ITEM-002893,ORD-001140,PROD-0031,1,34.99,1.75
ITEM-002894,ORD-001141,PROD-0011,1,24.99,0.0
ITEM-002895,ORD-001141,PROD-0028,1,34.99,3.5
ITEM-002896,ORD-001141,PROD-0043,3,24.99,0.0
ITEM-002897,ORD-001142,PROD-0041,3,29.99,4.5
ITEM-002898,ORD-001143,PROD-0010,1,44.99,2.25
ITEM-002899,ORD-001143,PROD-0008,3,29.99,0.0
ITEM-002900,ORD-001143,PROD-0006,1,59.99,6.0
ITEM-002901,ORD-001143,PROD-0029,2,27.99,2.8
ITEM-002902,ORD-001144,PROD-0034,1,28.99,2.9
ITEM-002903,ORD-001144,PROD-0033,2,79.99,16.0
ITEM-002904,ORD-001144,PROD-0048,3,22.99,0.0
ITEM-002905,ORD-001145,PROD-0043,2,24.99,0.0
ITEM-002906,ORD-001145,PROD-0006,2,59.99,0.0
ITEM-002907,ORD-001145,PROD-0012,3,59.99,0.0
ITEM-002908,ORD-001145,PROD-0013,3,129.99,39.0
ITEM-002909,ORD-001146,PROD-0036,3,22.99,6.9
ITEM-002910,ORD-001146,PROD-0033,3,79.99,24.0
ITEM-002911,ORD-001146,PROD-0010,3,44.99,0.0
ITEM-002912,ORD-001146,PROD-0030,2,139.99,0.0
ITEM-002913,ORD-001147,PROD-0038,2,89.99,0.0
ITEM-002914,ORD-001148,PROD-0012,2,59.99,0.0
ITEM-002915,ORD-001148,PROD-0032,2,19.99,4.0
ITEM-002916,ORD-001149,PROD-0012,3,59.99,18.0
ITEM-002917,ORD-001149,PROD-0019,3,49.99,7.5
ITEM-002918,ORD-001149,PROD-0041,3,29.99,9.0
ITEM-002919,ORD-001149,PROD-0003,2,89.99,0.0
ITEM-002920,ORD-001150,PROD-0010,1,44.99,0.0
ITEM-002921,ORD-001150,PROD-0005,1,279.99,28.0
ITEM-002922,ORD-001150,PROD-0029,2,27.99,0.0
ITEM-002923,ORD-001151,PROD-0033,3,79.99,0.0
ITEM-002924,ORD-001152,PROD-0017,2,64.99,0.0
ITEM-002925,ORD-001152,PROD-0026,3,39.99,12.0
ITEM-002926,ORD-001153,PROD-0006,2,59.99,0.0
ITEM-002927,ORD-001154,PROD-0023,3,249.99,0.0
ITEM-002928,ORD-001154,PROD-0043,1,24.99,2.5
ITEM-002929,ORD-001155,PROD-0001,1,199.99,10.0
ITEM-002930,ORD-001155,PROD-0022,2,149.99,0.0
ITEM-002931,ORD-001155,PROD-0012,2,59.99,6.0
ITEM-002932,ORD-001155,PROD-0016,3,79.99,0.0
ITEM-002933,ORD-001156,PROD-0032,1,19.99,0.0
ITEM-002934,ORD-001156,PROD-0010,2,44.99,4.5
ITEM-002935,ORD-001156,PROD-0017,3,64.99,0.0
ITEM-002936,ORD-001157,PROD-0037,2,18.99,3.8
ITEM-002937,ORD-001158,PROD-0045,3,69.99,0.0
ITEM-002938,ORD-001158,PROD-0017,3,64.99,0.0
ITEM-002939,ORD-001159,PROD-0018,1,14.99,1.5
ITEM-002940,ORD-001160,PROD-0040,3,21.99,6.6
ITEM-002941,ORD-001160,PROD-0012,2,59.99,12.0
ITEM-002942,ORD-001160,PROD-0026,3,39.99,0.0
ITEM-002943,ORD-001161,PROD-0020,2,39.99,0.0
ITEM-002944,ORD-001161,PROD-0033,2,79.99,8.0
ITEM-002945,ORD-001161,PROD-0025,3,119.99,18.0
ITEM-002946,ORD-001161,PROD-0037,2,18.99,0.0
ITEM-002947,ORD-001162,PROD-0004,2,39.99,4.0
ITEM-002948,ORD-001162,PROD-0044,1,19.99,2.0
ITEM-002949,ORD-001163,PROD-0028,3,34.99,0.0
ITEM-002950,ORD-001164,PROD-0027,3,49.99,0.0
ITEM-002951,ORD-001164,PROD-0046,3,149.99,22.5
ITEM-002952,ORD-001165,PROD-0002,3,349.99,52.5
ITEM-002953,ORD-001166,PROD-0025,3,119.99,36.0
ITEM-002954,ORD-001166,PROD-0044,2,19.99,0.0
ITEM-002955,ORD-001166,PROD-0018,2,14.99,1.5
ITEM-002956,ORD-001166,PROD-0048,2,22.99,2.3
ITEM-002957,ORD-001167,PROD-0037,2,18.99,1.9
ITEM-002958,ORD-001168,PROD-0028,1,34.99,0.0
ITEM-002959,ORD-001169,PROD-0041,2,29.99,3.0
ITEM-002960,ORD-001169,PROD-0012,1,59.99,0.0
ITEM-002961,ORD-001170,PROD-0011,2,24.99,0.0
ITEM-002962,ORD-001170,PROD-0012,2,59.99,12.0
ITEM-002963,ORD-001170,PROD-0008,2,29.99,6.0
ITEM-002964,ORD-001170,PROD-0010,1,44.99,2.25
ITEM-002965,ORD-001171,PROD-0046,2,149.99,15.0
ITEM-002966,ORD-001171,PROD-0007,3,49.99,15.0
ITEM-002967,ORD-001171,PROD-0006,1,59.99,0.0
ITEM-002968,ORD-001172,PROD-0013,1,129.99,6.5
ITEM-002969,ORD-001172,PROD-0006,2,59.99,0.0
ITEM-002970,ORD-001173,PROD-0011,1,24.99,0.0
ITEM-002971,ORD-001173,PROD-0041,3,29.99,0.0
ITEM-002972,ORD-001173,PROD-0028,1,34.99,0.0
ITEM-002973,ORD-001174,PROD-0022,3,149.99,45.0
ITEM-002974,ORD-001174,PROD-0015,3,29.99,0.0
ITEM-002975,ORD-001174,PROD-0028,2,34.99,0.0
ITEM-002976,ORD-001174,PROD-0023,2,249.99,0.0
ITEM-002977,ORD-001175,PROD-0049,1,16.99,1.7
ITEM-002978,ORD-001175,PROD-0018,3,14.99,2.25
ITEM-002979,ORD-001175,PROD-0004,2,39.99,4.0
ITEM-002980,ORD-001176,PROD-0046,2,149.99,30.0
ITEM-002981,ORD-001176,PROD-0029,3,27.99,0.0
ITEM-002982,ORD-001177,PROD-0032,1,19.99,0.0
ITEM-002983,ORD-001177,PROD-0011,3,24.99,7.5
ITEM-002984,ORD-001178,PROD-0042,3,189.99,0.0
ITEM-002985,ORD-001179,PROD-0017,2,64.99,0.0
ITEM-002986,ORD-001180,PROD-0021,3,299.99,0.0
ITEM-002987,ORD-001180,PROD-0047,2,17.99,0.0
ITEM-002988,ORD-001181,PROD-0003,3,89.99,0.0
ITEM-002989,ORD-001182,PROD-0028,2,34.99,0.0
ITEM-002990,ORD-001183,PROD-0035,1,59.99,3.0
ITEM-002991,ORD-001184,PROD-0042,3,189.99,28.5
ITEM-002992,ORD-001185,PROD-0035,3,59.99,18.0
ITEM-002993,ORD-001185,PROD-0048,3,22.99,0.0
ITEM-002994,ORD-001185,PROD-0025,3,119.99,0.0
ITEM-002995,ORD-001186,PROD-0007,1,49.99,2.5
ITEM-002996,ORD-001186,PROD-0018,2,14.99,0.0
ITEM-002997,ORD-001186,PROD-0029,1,27.99,0.0
ITEM-002998,ORD-001186,PROD-0044,3,19.99,6.0
ITEM-002999,ORD-001187,PROD-0036,1,22.99,2.3
ITEM-003000,ORD-001187,PROD-0042,1,189.99,0.0
ITEM-003001,ORD-001188,PROD-0002,1,349.99,0.0
ITEM-003002,ORD-001188,PROD-0026,3,39.99,0.0
ITEM-003003,ORD-001188,PROD-0011,3,24.99,0.0
ITEM-003004,ORD-001188,PROD-0037,1,18.99,0.0
ITEM-003005,ORD-001189,PROD-0015,1,29.99,0.0
ITEM-003006,ORD-001189,PROD-0012,2,59.99,12.0
ITEM-003007,ORD-001190,PROD-0046,3,149.99,0.0
ITEM-003008,ORD-001190,PROD-0025,2,119.99,0.0
ITEM-003009,ORD-001190,PROD-0008,2,29.99,6.0
ITEM-003010,ORD-001190,PROD-0001,1,199.99,10.0
ITEM-003011,ORD-001191,PROD-0042,3,189.99,0.0
ITEM-003012,ORD-001191,PROD-0016,2,79.99,16.0
ITEM-003013,ORD-001191,PROD-0006,3,59.99,0.0
ITEM-003014,ORD-001192,PROD-0003,1,89.99,0.0
ITEM-003015,ORD-001193,PROD-0024,2,99.99,10.0
ITEM-003016,ORD-001194,PROD-0045,1,69.99,7.0
ITEM-003017,ORD-001195,PROD-0042,2,189.99,19.0
ITEM-003018,ORD-001196,PROD-0029,3,27.99,4.2
ITEM-003019,ORD-001197,PROD-0034,3,28.99,0.0
ITEM-003020,ORD-001198,PROD-0019,1,49.99,5.0
ITEM-003021,ORD-001198,PROD-0036,3,22.99,6.9
ITEM-003022,ORD-001199,PROD-0034,1,28.99,2.9
ITEM-003023,ORD-001200,PROD-0040,2,21.99,4.4
ITEM-003024,ORD-001200,PROD-0005,1,279.99,14.0
ITEM-003025,ORD-001200,PROD-0024,2,99.99,0.0
ITEM-003026,ORD-001200,PROD-0002,3,349.99,105.0
ITEM-003027,ORD-001201,PROD-0002,1,349.99,35.0
ITEM-003028,ORD-001201,PROD-0006,2,59.99,12.0
ITEM-003029,ORD-001202,PROD-0036,1,22.99,1.15
ITEM-003030,ORD-001203,PROD-0008,2,29.99,3.0
ITEM-003031,ORD-001203,PROD-0030,3,139.99,0.0
ITEM-003032,ORD-001203,PROD-0032,3,19.99,0.0
ITEM-003033,ORD-001204,PROD-0007,3,49.99,0.0
ITEM-003034,ORD-001205,PROD-0012,3,59.99,18.0
ITEM-003035,ORD-001205,PROD-0011,3,24.99,0.0
ITEM-003036,ORD-001205,PROD-0010,3,44.99,6.75
ITEM-003037,ORD-001206,PROD-0044,2,19.99,0.0
ITEM-003038,ORD-001206,PROD-0019,3,49.99,0.0
ITEM-003039,ORD-001206,PROD-0024,1,99.99,5.0
ITEM-003040,ORD-001207,PROD-0015,2,29.99,0.0
ITEM-003041,ORD-001207,PROD-0046,1,149.99,0.0
ITEM-003042,ORD-001207,PROD-0022,2,149.99,0.0
ITEM-003043,ORD-001207,PROD-0027,3,49.99,7.5
ITEM-003044,ORD-001208,PROD-0011,2,24.99,5.0
ITEM-003045,ORD-001208,PROD-0045,1,69.99,7.0
ITEM-003046,ORD-001209,PROD-0036,1,22.99,0.0
ITEM-003047,ORD-001209,PROD-0042,1,189.99,9.5
ITEM-003048,ORD-001209,PROD-0045,1,69.99,0.0
ITEM-003049,ORD-001210,PROD-0021,1,299.99,30.0
ITEM-003050,ORD-001211,PROD-0015,3,29.99,0.0
ITEM-003051,ORD-001211,PROD-0029,1,27.99,0.0
ITEM-003052,ORD-001211,PROD-0004,1,39.99,4.0
ITEM-003053,ORD-001212,PROD-0001,2,199.99,20.0
ITEM-003054,ORD-001213,PROD-0015,3,29.99,9.0
ITEM-003055,ORD-001213,PROD-0042,2,189.99,0.0
ITEM-003056,ORD-001213,PROD-0010,2,44.99,4.5
ITEM-003057,ORD-001214,PROD-0027,3,49.99,0.0
ITEM-003058,ORD-001215,PROD-0035,3,59.99,0.0
ITEM-003059,ORD-001215,PROD-0006,1,59.99,3.0
ITEM-003060,ORD-001215,PROD-0014,2,34.99,0.0
ITEM-003061,ORD-001216,PROD-0015,2,29.99,3.0
ITEM-003062,ORD-001216,PROD-0044,1,19.99,1.0
ITEM-003063,ORD-001216,PROD-0012,2,59.99,6.0
ITEM-003064,ORD-001216,PROD-0005,3,279.99,0.0
ITEM-003065,ORD-001217,PROD-0018,3,14.99,4.5
ITEM-003066,ORD-001217,PROD-0035,3,59.99,0.0
ITEM-003067,ORD-001217,PROD-0028,2,34.99,3.5
ITEM-003068,ORD-001217,PROD-0003,3,89.99,0.0
ITEM-003069,ORD-001218,PROD-0026,1,39.99,2.0
ITEM-003070,ORD-001218,PROD-0009,2,34.99,7.0
ITEM-003071,ORD-001218,PROD-0035,3,59.99,0.0
ITEM-003072,ORD-001219,PROD-0011,3,24.99,0.0
ITEM-003073,ORD-001219,PROD-0014,3,34.99,5.25
ITEM-003074,ORD-001219,PROD-0037,2,18.99,0.0
ITEM-003075,ORD-001219,PROD-0012,3,59.99,0.0
ITEM-003076,ORD-001220,PROD-0007,2,49.99,10.0
ITEM-003077,ORD-001221,PROD-0044,1,19.99,0.0
ITEM-003078,ORD-001221,PROD-0025,3,119.99,0.0
ITEM-003079,ORD-001221,PROD-0004,2,39.99,4.0
ITEM-003080,ORD-001221,PROD-0045,1,69.99,3.5
ITEM-003081,ORD-001222,PROD-0043,1,24.99,0.0
ITEM-003082,ORD-001223,PROD-0027,3,49.99,0.0
ITEM-003083,ORD-001223,PROD-0049,1,16.99,0.0
ITEM-003084,ORD-001224,PROD-0003,1,89.99,9.0
ITEM-003085,ORD-001224,PROD-0029,1,27.99,2.8
ITEM-003086,ORD-001224,PROD-0019,3,49.99,0.0
ITEM-003087,ORD-001225,PROD-0046,3,149.99,22.5
ITEM-003088,ORD-001225,PROD-0048,1,22.99,0.0
ITEM-003089,ORD-001225,PROD-0038,3,89.99,0.0
ITEM-003090,ORD-001226,PROD-0018,2,14.99,0.0
ITEM-003091,ORD-001227,PROD-0005,3,279.99,0.0
ITEM-003092,ORD-001227,PROD-0035,1,59.99,3.0
ITEM-003093,ORD-001227,PROD-0020,3,39.99,0.0
ITEM-003094,ORD-001228,PROD-0010,2,44.99,0.0
ITEM-003095,ORD-001228,PROD-0003,3,89.99,0.0
ITEM-003096,ORD-001228,PROD-0024,2,99.99,20.0
ITEM-003097,ORD-001229,PROD-0031,3,34.99,0.0
ITEM-003098,ORD-001229,PROD-0017,3,64.99,9.75
ITEM-003099,ORD-001229,PROD-0003,1,89.99,0.0
ITEM-003100,ORD-001229,PROD-0050,3,449.99,67.5
ITEM-003101,ORD-001230,PROD-0030,2,139.99,14.0
ITEM-003102,ORD-001230,PROD-0025,1,119.99,0.0
ITEM-003103,ORD-001230,PROD-0049,2,16.99,1.7
ITEM-003104,ORD-001230,PROD-0011,2,24.99,0.0
ITEM-003105,ORD-001231,PROD-0043,3,24.99,0.0
ITEM-003106,ORD-001231,PROD-0037,1,18.99,0.95
ITEM-003107,ORD-001232,PROD-0042,2,189.99,0.0
ITEM-003108,ORD-001233,PROD-0033,1,79.99,0.0
ITEM-003109,ORD-001233,PROD-0017,1,64.99,6.5
ITEM-003110,ORD-001233,PROD-0016,2,79.99,16.0
ITEM-003111,ORD-001233,PROD-0001,1,199.99,0.0
ITEM-003112,ORD-001234,PROD-0049,3,16.99,5.1
ITEM-003113,ORD-001234,PROD-0037,3,18.99,0.0
ITEM-003114,ORD-001234,PROD-0036,3,22.99,6.9
ITEM-003115,ORD-001235,PROD-0001,1,199.99,20.0
ITEM-003116,ORD-001235,PROD-0045,3,69.99,0.0
ITEM-003117,ORD-001236,PROD-0023,1,249.99,0.0
ITEM-003118,ORD-001237,PROD-0007,3,49.99,0.0
ITEM-003119,ORD-001237,PROD-0042,3,189.99,57.0
ITEM-003120,ORD-001238,PROD-0033,2,79.99,0.0
ITEM-003121,ORD-001239,PROD-0047,3,17.99,2.7
ITEM-003122,ORD-001240,PROD-0025,3,119.99,0.0
ITEM-003123,ORD-001241,PROD-0005,2,279.99,0.0
ITEM-003124,ORD-001241,PROD-0036,3,22.99,6.9
ITEM-003125,ORD-001242,PROD-0020,1,39.99,0.0
ITEM-003126,ORD-001242,PROD-0004,2,39.99,0.0
ITEM-003127,ORD-001242,PROD-0043,3,24.99,3.75
ITEM-003128,ORD-001243,PROD-0006,2,59.99,0.0
ITEM-003129,ORD-001243,PROD-0018,3,14.99,0.0
ITEM-003130,ORD-001243,PROD-0032,3,19.99,0.0
ITEM-003131,ORD-001244,PROD-0018,3,14.99,0.0
ITEM-003132,ORD-001245,PROD-0009,1,34.99,1.75
ITEM-003133,ORD-001245,PROD-0045,1,69.99,0.0
ITEM-003134,ORD-001245,PROD-0007,2,49.99,5.0
ITEM-003135,ORD-001246,PROD-0023,3,249.99,0.0
ITEM-003136,ORD-001247,PROD-0040,3,21.99,0.0
ITEM-003137,ORD-001248,PROD-0027,3,49.99,0.0
ITEM-003138,ORD-001249,PROD-0038,3,89.99,0.0
ITEM-003139,ORD-001249,PROD-0048,1,22.99,1.15
ITEM-003140,ORD-001250,PROD-0011,1,24.99,0.0
ITEM-003141,ORD-001250,PROD-0010,1,44.99,0.0
ITEM-003142,ORD-001250,PROD-0037,3,18.99,2.85
ITEM-003143,ORD-001250,PROD-0006,2,59.99,12.0
